<?xml version="1.0" encoding="ISO-8859-1"?>
<EtherCATConfig xmlns:xsi="http://www.w3.org/2001/XMLSchema-instance" xsi:noNamespaceSchemaLocation="EtherCATConfig.xsd" Version="1.3"><Config><Master><Info><Name><![CDATA[Device 3 (EtherCAT)]]></Name><Destination>010105010000</Destination><Source>001e2aae81cd</Source><EtherType>a488</EtherType></Info><InitCmds><InitCmd><Transition>IP</Transition><BeforeSlave>1</BeforeSlave><Comment><![CDATA[read slave count]]></Comment><Requires>cycle</Requires><Cmd>7</Cmd><Adp>0</Adp><Ado>304</Ado><Data>0000</Data><Retries>0</Retries></InitCmd><InitCmd><Transition>IP</Transition><BeforeSlave>1</BeforeSlave><Comment><![CDATA[read slave count]]></Comment><Requires>cycle</Requires><Cmd>7</Cmd><Adp>0</Adp><Ado>304</Ado><Data>0000</Data><Retries>0</Retries></InitCmd><InitCmd><Transition>IP</Transition><BeforeSlave>1</BeforeSlave><Comment><![CDATA[enable ECAT IRQ]]></Comment><Requires>cycle</Requires><Cmd>8</Cmd><Adp>0</Adp><Ado>512</Ado><Data>0400</Data><Retries>3</Retries></InitCmd><InitCmd><Transition>IP</Transition><BeforeSlave>1</BeforeSlave><Comment><![CDATA[clear configured addresses]]></Comment><Requires>cycle</Requires><Cmd>8</Cmd><Adp>0</Adp><Ado>16</Ado><Data>0000</Data><Retries>3</Retries></InitCmd><InitCmd><Transition>IP</Transition><BeforeSlave>1</BeforeSlave><Comment><![CDATA[clear crc register]]></Comment><Requires>cycle</Requires><Cmd>8</Cmd><Adp>0</Adp><Ado>768</Ado><Data>0000000000000000</Data><Retries>3</Retries></InitCmd><InitCmd><Transition>IP</Transition><Transition>PI</Transition><Transition>BI</Transition><Transition>SI</Transition><Transition>OI</Transition><BeforeSlave>1</BeforeSlave><Comment><![CDATA[clear fmmu]]></Comment><Requires>cycle</Requires><Cmd>8</Cmd><Adp>0</Adp><Ado>1536</Ado><DataLength>256</DataLength><Retries>3</Retries></InitCmd><InitCmd><Transition>IP</Transition><BeforeSlave>1</BeforeSlave><Comment><![CDATA[clear sm]]></Comment><Requires>cycle</Requires><Cmd>8</Cmd><Adp>0</Adp><Ado>2048</Ado><DataLength>256</DataLength><Retries>3</Retries></InitCmd><InitCmd><Transition>IP</Transition><BeforeSlave>1</BeforeSlave><Comment><![CDATA[clear dc system time]]></Comment><Requires>cycle</Requires><Cmd>8</Cmd><Adp>0</Adp><Ado>2320</Ado><DataLength>32</DataLength><Retries>3</Retries></InitCmd><InitCmd><Transition>IP</Transition><BeforeSlave>1</BeforeSlave><Comment><![CDATA[clear dc cycle cfg]]></Comment><Requires>cycle</Requires><Cmd>8</Cmd><Adp>0</Adp><Ado>2433</Ado><Data>00</Data><Retries>3</Retries></InitCmd><InitCmd><Transition>IP</Transition><BeforeSlave>1</BeforeSlave><Comment><![CDATA[reset dc speed]]></Comment><Requires>cycle</Requires><Cmd>8</Cmd><Adp>0</Adp><Ado>2352</Ado><Data>0010</Data><Retries>3</Retries></InitCmd><InitCmd><Transition>IP</Transition><BeforeSlave>1</BeforeSlave><Comment><![CDATA[configure dc filter]]></Comment><Requires>cycle</Requires><Cmd>8</Cmd><Adp>0</Adp><Ado>2356</Ado><Data>000c</Data><Retries>3</Retries></InitCmd><InitCmd><Transition>IP</Transition><BeforeSlave>1</BeforeSlave><Comment><![CDATA[en/disable second physical address]]></Comment><Requires>cycle</Requires><Cmd>8</Cmd><Adp>0</Adp><Ado>259</Ado><Data>00</Data><Retries>3</Retries></InitCmd></InitCmds></Master><Slave><Info><Name><![CDATA[Drive 1 (Accelnet - AEP)]]></Name><PhysAddr>1001</PhysAddr><AutoIncAddr>0</AutoIncAddr><Physics>YY</Physics><VendorId>171</VendorId><ProductCode>896</ProductCode><RevisionNo>65538</RevisionNo><SerialNo>0</SerialNo></Info><ProcessData><Send><BitStart>592</BitStart><BitLength>48</BitLength></Send><Recv><BitStart>592</BitStart><BitLength>48</BitLength></Recv><Sm2><Type>Outputs</Type><StartAddress>4608</StartAddress><ControlByte>100</ControlByte><Enable>1</Enable><Pdo>5632</Pdo></Sm2><Sm3><Type>Inputs</Type><StartAddress>6144</StartAddress><ControlByte>32</ControlByte><Enable>1</Enable><Pdo>6658</Pdo></Sm3><TxPdo><Index>#x1a00</Index><Name>Transmit PDO 0</Name><Entry><Index>#x6041</Index><SubIndex>0</SubIndex><BitLen>16</BitLen><Name>Status word</Name><DataType>UINT</DataType></Entry><Entry><Index>#x6064</Index><SubIndex>0</SubIndex><BitLen>32</BitLen><Name>Actual motor position</Name><DataType>DINT</DataType></Entry><Entry><Index>#x6077</Index><SubIndex>0</SubIndex><BitLen>16</BitLen><Name>Torque actual value</Name><DataType>INT</DataType></Entry></TxPdo><TxPdo><Index>#x1a01</Index><Name>Transmit PDO 1</Name><Entry><Index>#x60f4</Index><SubIndex>0</SubIndex><BitLen>32</BitLen><Name>Position loop error.</Name><DataType>DINT</DataType></Entry><Entry><Index>#x606c</Index><SubIndex>0</SubIndex><BitLen>32</BitLen><Name>Actual motor velocity</Name><DataType>DINT</DataType></Entry></TxPdo><TxPdo Sm="3"><Index>#x1a02</Index><Name>Transmit PDO 2</Name><Entry><Index>#x6041</Index><SubIndex>0</SubIndex><BitLen>16</BitLen><Name>Status word</Name><DataType>UINT</DataType></Entry><Entry><Index>#x6064</Index><SubIndex>0</SubIndex><BitLen>32</BitLen><Name>Actual motor position</Name><DataType>DINT</DataType></Entry></TxPdo><TxPdo><Index>#x1a03</Index><Name>Transmit PDO 3</Name><Entry><Index>#x6041</Index><SubIndex>0</SubIndex><BitLen>16</BitLen><Name>Status word</Name><DataType>UINT</DataType></Entry><Entry><Index>#x606c</Index><SubIndex>0</SubIndex><BitLen>32</BitLen><Name>Actual motor velocity</Name><DataType>DINT</DataType></Entry></TxPdo><TxPdo><Index>#x1a04</Index><Name>Transmit PDO 4</Name><Entry><Index>#x6041</Index><SubIndex>0</SubIndex><BitLen>16</BitLen><Name>Status word</Name><DataType>UINT</DataType></Entry><Entry><Index>#x6077</Index><SubIndex>0</SubIndex><BitLen>16</BitLen><Name>Torque actual value</Name><DataType>INT</DataType></Entry></TxPdo><TxPdo><Index>#x1a05</Index><Name>Transmit PDO 5</Name><Entry><Index>#x6041</Index><SubIndex>0</SubIndex><BitLen>16</BitLen><Name>Status word</Name><DataType>UINT</DataType></Entry></TxPdo><TxPdo><Index>#x1a06</Index><Name>Transmit PDO 6</Name><Entry><Index>#x6041</Index><SubIndex>0</SubIndex><BitLen>16</BitLen><Name>Status word</Name><DataType>UINT</DataType></Entry><Entry><Index>#x60fd</Index><SubIndex>0</SubIndex><BitLen>32</BitLen><Name>Digital input line status</Name><DataType>UDINT</DataType></Entry></TxPdo><TxPdo><Index>#x1a07</Index><Name>Transmit PDO 7</Name></TxPdo><RxPdo Sm="2"><Index>#x1600</Index><Name>Receive PDO 0</Name><Entry><Index>#x6040</Index><SubIndex>0</SubIndex><BitLen>16</BitLen><Name>Control word</Name><DataType>UINT</DataType></Entry><Entry><Index>#x607a</Index><SubIndex>0</SubIndex><BitLen>32</BitLen><Name>Profile target position</Name><DataType>DINT</DataType></Entry></RxPdo><RxPdo><Index>#x1601</Index><Name>Receive PDO 1</Name><Entry><Index>#x60b1</Index><SubIndex>0</SubIndex><BitLen>32</BitLen><Name>Velocity offset</Name><DataType>DINT</DataType></Entry><Entry><Index>#x60b2</Index><SubIndex>0</SubIndex><BitLen>16</BitLen><Name>Torque offset</Name><DataType>INT</DataType></Entry></RxPdo><RxPdo><Index>#x1602</Index><Name>Receive PDO 2</Name><Entry><Index>#x6040</Index><SubIndex>0</SubIndex><BitLen>16</BitLen><Name>Control word</Name><DataType>UINT</DataType></Entry><Entry><Index>#x607a</Index><SubIndex>0</SubIndex><BitLen>32</BitLen><Name>Profile target position</Name><DataType>DINT</DataType></Entry></RxPdo><RxPdo><Index>#x1603</Index><Name>Receive PDO 3</Name><Entry><Index>#x6040</Index><SubIndex>0</SubIndex><BitLen>16</BitLen><Name>Control word</Name><DataType>UINT</DataType></Entry><Entry><Index>#x60ff</Index><SubIndex>0</SubIndex><BitLen>32</BitLen><Name>Target velocity</Name><DataType>DINT</DataType></Entry></RxPdo><RxPdo><Index>#x1604</Index><Name>Receive PDO 4</Name><Entry><Index>#x6040</Index><SubIndex>0</SubIndex><BitLen>16</BitLen><Name>Control word</Name><DataType>UINT</DataType></Entry><Entry><Index>#x6071</Index><SubIndex>0</SubIndex><BitLen>16</BitLen><Name>Target Torque</Name><DataType>INT</DataType></Entry></RxPdo><RxPdo><Index>#x1605</Index><Name>Receive PDO 5</Name><Entry><Index>#x6040</Index><SubIndex>0</SubIndex><BitLen>16</BitLen><Name>Control word</Name><DataType>UINT</DataType></Entry></RxPdo><RxPdo><Index>#x1606</Index><Name>Receive PDO 6</Name><Entry><Index>#x6040</Index><SubIndex>0</SubIndex><BitLen>16</BitLen><Name>Control word</Name><DataType>UINT</DataType></Entry></RxPdo><RxPdo><Index>#x1607</Index><Name>Receive PDO 7</Name><Entry><Index>#x6040</Index><SubIndex>0</SubIndex><BitLen>16</BitLen><Name>Control word</Name><DataType>UINT</DataType></Entry><Entry><Index>#x6060</Index><SubIndex>0</SubIndex><BitLen>8</BitLen><Name>Modes of operation</Name><DataType>USINT</DataType></Entry></RxPdo></ProcessData><Mailbox><Send><Start>4096</Start><Length>256</Length></Send><Recv><Start>4352</Start><Length>256</Length><PollTime>50</PollTime></Recv><Protocol>CoE</Protocol><CoE><InitCmds><InitCmd Fixed="1"><Transition>PS</Transition><Comment><![CDATA[clear sm pdos (0x1C12)]]></Comment><Timeout>0</Timeout><Ccs>1</Ccs><Index>7186</Index><SubIndex>0</SubIndex><Data>00</Data></InitCmd><InitCmd Fixed="1"><Transition>PS</Transition><Comment><![CDATA[clear sm pdos (0x1C13)]]></Comment><Timeout>0</Timeout><Ccs>1</Ccs><Index>7187</Index><SubIndex>0</SubIndex><Data>00</Data></InitCmd><InitCmd Fixed="1"><Transition>PS</Transition><Comment><![CDATA[clear pdo 0x1A00 entries]]></Comment><Timeout>0</Timeout><Ccs>1</Ccs><Index>6656</Index><SubIndex>0</SubIndex><Data>00</Data></InitCmd><InitCmd Fixed="1"><Transition>PS</Transition><Comment><![CDATA[download pdo 0x1A00 entry]]></Comment><Timeout>0</Timeout><Ccs>1</Ccs><Index>6656</Index><SubIndex>1</SubIndex><Data>10004160</Data></InitCmd><InitCmd Fixed="1"><Transition>PS</Transition><Comment><![CDATA[download pdo 0x1A00 entry]]></Comment><Timeout>0</Timeout><Ccs>1</Ccs><Index>6656</Index><SubIndex>2</SubIndex><Data>20006460</Data></InitCmd><InitCmd Fixed="1"><Transition>PS</Transition><Comment><![CDATA[download pdo 0x1A00 entry]]></Comment><Timeout>0</Timeout><Ccs>1</Ccs><Index>6656</Index><SubIndex>3</SubIndex><Data>10007760</Data></InitCmd><InitCmd Fixed="1"><Transition>PS</Transition><Comment><![CDATA[download pdo 0x1A00 entry count]]></Comment><Timeout>0</Timeout><Ccs>1</Ccs><Index>6656</Index><SubIndex>0</SubIndex><Data>03</Data></InitCmd><InitCmd Fixed="1"><Transition>PS</Transition><Comment><![CDATA[clear pdo 0x1A01 entries]]></Comment><Timeout>0</Timeout><Ccs>1</Ccs><Index>6657</Index><SubIndex>0</SubIndex><Data>00</Data></InitCmd><InitCmd Fixed="1"><Transition>PS</Transition><Comment><![CDATA[download pdo 0x1A01 entry]]></Comment><Timeout>0</Timeout><Ccs>1</Ccs><Index>6657</Index><SubIndex>1</SubIndex><Data>2000f460</Data></InitCmd><InitCmd Fixed="1"><Transition>PS</Transition><Comment><![CDATA[download pdo 0x1A01 entry]]></Comment><Timeout>0</Timeout><Ccs>1</Ccs><Index>6657</Index><SubIndex>2</SubIndex><Data>20006c60</Data></InitCmd><InitCmd Fixed="1"><Transition>PS</Transition><Comment><![CDATA[download pdo 0x1A01 entry count]]></Comment><Timeout>0</Timeout><Ccs>1</Ccs><Index>6657</Index><SubIndex>0</SubIndex><Data>02</Data></InitCmd><InitCmd Fixed="1"><Transition>PS</Transition><Comment><![CDATA[clear pdo 0x1A02 entries]]></Comment><Timeout>0</Timeout><Ccs>1</Ccs><Index>6658</Index><SubIndex>0</SubIndex><Data>00</Data></InitCmd><InitCmd Fixed="1"><Transition>PS</Transition><Comment><![CDATA[download pdo 0x1A02 entry]]></Comment><Timeout>0</Timeout><Ccs>1</Ccs><Index>6658</Index><SubIndex>1</SubIndex><Data>10004160</Data></InitCmd><InitCmd Fixed="1"><Transition>PS</Transition><Comment><![CDATA[download pdo 0x1A02 entry]]></Comment><Timeout>0</Timeout><Ccs>1</Ccs><Index>6658</Index><SubIndex>2</SubIndex><Data>20006460</Data></InitCmd><InitCmd Fixed="1"><Transition>PS</Transition><Comment><![CDATA[download pdo 0x1A02 entry count]]></Comment><Timeout>0</Timeout><Ccs>1</Ccs><Index>6658</Index><SubIndex>0</SubIndex><Data>02</Data></InitCmd><InitCmd Fixed="1"><Transition>PS</Transition><Comment><![CDATA[clear pdo 0x1A03 entries]]></Comment><Timeout>0</Timeout><Ccs>1</Ccs><Index>6659</Index><SubIndex>0</SubIndex><Data>00</Data></InitCmd><InitCmd Fixed="1"><Transition>PS</Transition><Comment><![CDATA[download pdo 0x1A03 entry]]></Comment><Timeout>0</Timeout><Ccs>1</Ccs><Index>6659</Index><SubIndex>1</SubIndex><Data>10004160</Data></InitCmd><InitCmd Fixed="1"><Transition>PS</Transition><Comment><![CDATA[download pdo 0x1A03 entry]]></Comment><Timeout>0</Timeout><Ccs>1</Ccs><Index>6659</Index><SubIndex>2</SubIndex><Data>20006c60</Data></InitCmd><InitCmd Fixed="1"><Transition>PS</Transition><Comment><![CDATA[download pdo 0x1A03 entry count]]></Comment><Timeout>0</Timeout><Ccs>1</Ccs><Index>6659</Index><SubIndex>0</SubIndex><Data>02</Data></InitCmd><InitCmd Fixed="1"><Transition>PS</Transition><Comment><![CDATA[clear pdo 0x1A04 entries]]></Comment><Timeout>0</Timeout><Ccs>1</Ccs><Index>6660</Index><SubIndex>0</SubIndex><Data>00</Data></InitCmd><InitCmd Fixed="1"><Transition>PS</Transition><Comment><![CDATA[download pdo 0x1A04 entry]]></Comment><Timeout>0</Timeout><Ccs>1</Ccs><Index>6660</Index><SubIndex>1</SubIndex><Data>10004160</Data></InitCmd><InitCmd Fixed="1"><Transition>PS</Transition><Comment><![CDATA[download pdo 0x1A04 entry]]></Comment><Timeout>0</Timeout><Ccs>1</Ccs><Index>6660</Index><SubIndex>2</SubIndex><Data>10007760</Data></InitCmd><InitCmd Fixed="1"><Transition>PS</Transition><Comment><![CDATA[download pdo 0x1A04 entry count]]></Comment><Timeout>0</Timeout><Ccs>1</Ccs><Index>6660</Index><SubIndex>0</SubIndex><Data>02</Data></InitCmd><InitCmd Fixed="1"><Transition>PS</Transition><Comment><![CDATA[clear pdo 0x1A05 entries]]></Comment><Timeout>0</Timeout><Ccs>1</Ccs><Index>6661</Index><SubIndex>0</SubIndex><Data>00</Data></InitCmd><InitCmd Fixed="1"><Transition>PS</Transition><Comment><![CDATA[download pdo 0x1A05 entry]]></Comment><Timeout>0</Timeout><Ccs>1</Ccs><Index>6661</Index><SubIndex>1</SubIndex><Data>10004160</Data></InitCmd><InitCmd Fixed="1"><Transition>PS</Transition><Comment><![CDATA[download pdo 0x1A05 entry count]]></Comment><Timeout>0</Timeout><Ccs>1</Ccs><Index>6661</Index><SubIndex>0</SubIndex><Data>01</Data></InitCmd><InitCmd Fixed="1"><Transition>PS</Transition><Comment><![CDATA[clear pdo 0x1A06 entries]]></Comment><Timeout>0</Timeout><Ccs>1</Ccs><Index>6662</Index><SubIndex>0</SubIndex><Data>00</Data></InitCmd><InitCmd Fixed="1"><Transition>PS</Transition><Comment><![CDATA[download pdo 0x1A06 entry]]></Comment><Timeout>0</Timeout><Ccs>1</Ccs><Index>6662</Index><SubIndex>1</SubIndex><Data>10004160</Data></InitCmd><InitCmd Fixed="1"><Transition>PS</Transition><Comment><![CDATA[download pdo 0x1A06 entry]]></Comment><Timeout>0</Timeout><Ccs>1</Ccs><Index>6662</Index><SubIndex>2</SubIndex><Data>2000fd60</Data></InitCmd><InitCmd Fixed="1"><Transition>PS</Transition><Comment><![CDATA[download pdo 0x1A06 entry count]]></Comment><Timeout>0</Timeout><Ccs>1</Ccs><Index>6662</Index><SubIndex>0</SubIndex><Data>02</Data></InitCmd><InitCmd Fixed="1"><Transition>PS</Transition><Comment><![CDATA[clear pdo 0x1A07 entries]]></Comment><Timeout>0</Timeout><Ccs>1</Ccs><Index>6663</Index><SubIndex>0</SubIndex><Data>00</Data></InitCmd><InitCmd Fixed="1"><Transition>PS</Transition><Comment><![CDATA[clear pdo 0x1600 entries]]></Comment><Timeout>0</Timeout><Ccs>1</Ccs><Index>5632</Index><SubIndex>0</SubIndex><Data>00</Data></InitCmd><InitCmd Fixed="1"><Transition>PS</Transition><Comment><![CDATA[download pdo 0x1600 entry]]></Comment><Timeout>0</Timeout><Ccs>1</Ccs><Index>5632</Index><SubIndex>1</SubIndex><Data>10004060</Data></InitCmd><InitCmd Fixed="1"><Transition>PS</Transition><Comment><![CDATA[download pdo 0x1600 entry]]></Comment><Timeout>0</Timeout><Ccs>1</Ccs><Index>5632</Index><SubIndex>2</SubIndex><Data>20007a60</Data></InitCmd><InitCmd Fixed="1"><Transition>PS</Transition><Comment><![CDATA[download pdo 0x1600 entry count]]></Comment><Timeout>0</Timeout><Ccs>1</Ccs><Index>5632</Index><SubIndex>0</SubIndex><Data>02</Data></InitCmd><InitCmd Fixed="1"><Transition>PS</Transition><Comment><![CDATA[clear pdo 0x1601 entries]]></Comment><Timeout>0</Timeout><Ccs>1</Ccs><Index>5633</Index><SubIndex>0</SubIndex><Data>00</Data></InitCmd><InitCmd Fixed="1"><Transition>PS</Transition><Comment><![CDATA[download pdo 0x1601 entry]]></Comment><Timeout>0</Timeout><Ccs>1</Ccs><Index>5633</Index><SubIndex>1</SubIndex><Data>2000b160</Data></InitCmd><InitCmd Fixed="1"><Transition>PS</Transition><Comment><![CDATA[download pdo 0x1601 entry]]></Comment><Timeout>0</Timeout><Ccs>1</Ccs><Index>5633</Index><SubIndex>2</SubIndex><Data>1000b260</Data></InitCmd><InitCmd Fixed="1"><Transition>PS</Transition><Comment><![CDATA[download pdo 0x1601 entry count]]></Comment><Timeout>0</Timeout><Ccs>1</Ccs><Index>5633</Index><SubIndex>0</SubIndex><Data>02</Data></InitCmd><InitCmd Fixed="1"><Transition>PS</Transition><Comment><![CDATA[clear pdo 0x1602 entries]]></Comment><Timeout>0</Timeout><Ccs>1</Ccs><Index>5634</Index><SubIndex>0</SubIndex><Data>00</Data></InitCmd><InitCmd Fixed="1"><Transition>PS</Transition><Comment><![CDATA[download pdo 0x1602 entry]]></Comment><Timeout>0</Timeout><Ccs>1</Ccs><Index>5634</Index><SubIndex>1</SubIndex><Data>10004060</Data></InitCmd><InitCmd Fixed="1"><Transition>PS</Transition><Comment><![CDATA[download pdo 0x1602 entry]]></Comment><Timeout>0</Timeout><Ccs>1</Ccs><Index>5634</Index><SubIndex>2</SubIndex><Data>20007a60</Data></InitCmd><InitCmd Fixed="1"><Transition>PS</Transition><Comment><![CDATA[download pdo 0x1602 entry count]]></Comment><Timeout>0</Timeout><Ccs>1</Ccs><Index>5634</Index><SubIndex>0</SubIndex><Data>02</Data></InitCmd><InitCmd Fixed="1"><Transition>PS</Transition><Comment><![CDATA[clear pdo 0x1603 entries]]></Comment><Timeout>0</Timeout><Ccs>1</Ccs><Index>5635</Index><SubIndex>0</SubIndex><Data>00</Data></InitCmd><InitCmd Fixed="1"><Transition>PS</Transition><Comment><![CDATA[download pdo 0x1603 entry]]></Comment><Timeout>0</Timeout><Ccs>1</Ccs><Index>5635</Index><SubIndex>1</SubIndex><Data>10004060</Data></InitCmd><InitCmd Fixed="1"><Transition>PS</Transition><Comment><![CDATA[download pdo 0x1603 entry]]></Comment><Timeout>0</Timeout><Ccs>1</Ccs><Index>5635</Index><SubIndex>2</SubIndex><Data>2000ff60</Data></InitCmd><InitCmd Fixed="1"><Transition>PS</Transition><Comment><![CDATA[download pdo 0x1603 entry count]]></Comment><Timeout>0</Timeout><Ccs>1</Ccs><Index>5635</Index><SubIndex>0</SubIndex><Data>02</Data></InitCmd><InitCmd Fixed="1"><Transition>PS</Transition><Comment><![CDATA[clear pdo 0x1604 entries]]></Comment><Timeout>0</Timeout><Ccs>1</Ccs><Index>5636</Index><SubIndex>0</SubIndex><Data>00</Data></InitCmd><InitCmd Fixed="1"><Transition>PS</Transition><Comment><![CDATA[download pdo 0x1604 entry]]></Comment><Timeout>0</Timeout><Ccs>1</Ccs><Index>5636</Index><SubIndex>1</SubIndex><Data>10004060</Data></InitCmd><InitCmd Fixed="1"><Transition>PS</Transition><Comment><![CDATA[download pdo 0x1604 entry]]></Comment><Timeout>0</Timeout><Ccs>1</Ccs><Index>5636</Index><SubIndex>2</SubIndex><Data>10007160</Data></InitCmd><InitCmd Fixed="1"><Transition>PS</Transition><Comment><![CDATA[download pdo 0x1604 entry count]]></Comment><Timeout>0</Timeout><Ccs>1</Ccs><Index>5636</Index><SubIndex>0</SubIndex><Data>02</Data></InitCmd><InitCmd Fixed="1"><Transition>PS</Transition><Comment><![CDATA[clear pdo 0x1605 entries]]></Comment><Timeout>0</Timeout><Ccs>1</Ccs><Index>5637</Index><SubIndex>0</SubIndex><Data>00</Data></InitCmd><InitCmd Fixed="1"><Transition>PS</Transition><Comment><![CDATA[download pdo 0x1605 entry]]></Comment><Timeout>0</Timeout><Ccs>1</Ccs><Index>5637</Index><SubIndex>1</SubIndex><Data>10004060</Data></InitCmd><InitCmd Fixed="1"><Transition>PS</Transition><Comment><![CDATA[download pdo 0x1605 entry count]]></Comment><Timeout>0</Timeout><Ccs>1</Ccs><Index>5637</Index><SubIndex>0</SubIndex><Data>01</Data></InitCmd><InitCmd Fixed="1"><Transition>PS</Transition><Comment><![CDATA[clear pdo 0x1606 entries]]></Comment><Timeout>0</Timeout><Ccs>1</Ccs><Index>5638</Index><SubIndex>0</SubIndex><Data>00</Data></InitCmd><InitCmd Fixed="1"><Transition>PS</Transition><Comment><![CDATA[download pdo 0x1606 entry]]></Comment><Timeout>0</Timeout><Ccs>1</Ccs><Index>5638</Index><SubIndex>1</SubIndex><Data>10004060</Data></InitCmd><InitCmd Fixed="1"><Transition>PS</Transition><Comment><![CDATA[download pdo 0x1606 entry count]]></Comment><Timeout>0</Timeout><Ccs>1</Ccs><Index>5638</Index><SubIndex>0</SubIndex><Data>01</Data></InitCmd><InitCmd Fixed="1"><Transition>PS</Transition><Comment><![CDATA[clear pdo 0x1607 entries]]></Comment><Timeout>0</Timeout><Ccs>1</Ccs><Index>5639</Index><SubIndex>0</SubIndex><Data>00</Data></InitCmd><InitCmd Fixed="1"><Transition>PS</Transition><Comment><![CDATA[download pdo 0x1607 entry]]></Comment><Timeout>0</Timeout><Ccs>1</Ccs><Index>5639</Index><SubIndex>1</SubIndex><Data>10004060</Data></InitCmd><InitCmd Fixed="1"><Transition>PS</Transition><Comment><![CDATA[download pdo 0x1607 entry]]></Comment><Timeout>0</Timeout><Ccs>1</Ccs><Index>5639</Index><SubIndex>2</SubIndex><Data>08006060</Data></InitCmd><InitCmd Fixed="1"><Transition>PS</Transition><Comment><![CDATA[download pdo 0x1607 entry count]]></Comment><Timeout>0</Timeout><Ccs>1</Ccs><Index>5639</Index><SubIndex>0</SubIndex><Data>02</Data></InitCmd><InitCmd Fixed="1"><Transition>PS</Transition><Comment><![CDATA[download pdo 0x1C12:01 index]]></Comment><Timeout>0</Timeout><Ccs>1</Ccs><Index>7186</Index><SubIndex>1</SubIndex><Data>0016</Data></InitCmd><InitCmd Fixed="1"><Transition>PS</Transition><Comment><![CDATA[download pdo 0x1C12 count]]></Comment><Timeout>0</Timeout><Ccs>1</Ccs><Index>7186</Index><SubIndex>0</SubIndex><Data>01</Data></InitCmd><InitCmd Fixed="1"><Transition>PS</Transition><Comment><![CDATA[download pdo 0x1C13:01 index]]></Comment><Timeout>0</Timeout><Ccs>1</Ccs><Index>7187</Index><SubIndex>1</SubIndex><Data>021a</Data></InitCmd><InitCmd Fixed="1"><Transition>PS</Transition><Comment><![CDATA[download pdo 0x1C13 count]]></Comment><Timeout>0</Timeout><Ccs>1</Ccs><Index>7187</Index><SubIndex>0</SubIndex><Data>01</Data></InitCmd><InitCmd><Transition>PS</Transition><Comment><![CDATA[Modes of Operation]]></Comment><Timeout>0</Timeout><Ccs>1</Ccs><Index>24672</Index><SubIndex>0</SubIndex><Data>08</Data></InitCmd></InitCmds><Profile><ChannelInfo><ProfileNo>402</ProfileNo><AddInfo>0</AddInfo></ChannelInfo></Profile></CoE></Mailbox><InitCmds><InitCmd><Transition>PI</Transition><Transition>BI</Transition><Transition>SI</Transition><Transition>OI</Transition><Comment><![CDATA[set device state to INIT]]></Comment><Requires>cycle</Requires><Cmd>2</Cmd><Adp>0</Adp><Ado>288</Ado><Data>1100</Data><Retries>3</Retries></InitCmd><InitCmd><Transition>SI</Transition><Transition>OI</Transition><Comment><![CDATA[clear DC activation]]></Comment><Requires>cycle</Requires><Cmd>2</Cmd><Adp>0</Adp><Ado>2432</Ado><Data>0000</Data><Retries>3</Retries></InitCmd><InitCmd><Transition>PI</Transition><Transition>SI</Transition><Transition>OI</Transition><Comment><![CDATA[check device state for INIT]]></Comment><Requires>cycle</Requires><Cmd>1</Cmd><Adp>0</Adp><Ado>304</Ado><Data>0000</Data><Retries>3</Retries><Validate><Data>0100</Data><DataMask>0f00</DataMask><Timeout>5000</Timeout></Validate></InitCmd><InitCmd><Transition>BI</Transition><Comment><![CDATA[check device state for INIT]]></Comment><Requires>cycle</Requires><Cmd>1</Cmd><Adp>0</Adp><Ado>304</Ado><Data>0000</Data><Retries>3</Retries><Validate><Data>0100</Data><DataMask>0f00</DataMask><Timeout>10000</Timeout></Validate></InitCmd><InitCmd><Transition>IP</Transition><Transition>IB</Transition><Comment><![CDATA[set device state to INIT]]></Comment><Requires>cycle</Requires><Cmd>2</Cmd><Adp>0</Adp><Ado>288</Ado><Data>1100</Data><Cnt>1</Cnt><Retries>3</Retries></InitCmd><InitCmd><Transition>IP</Transition><Transition>IB</Transition><Comment><![CDATA[check device state for INIT]]></Comment><Requires>cycle</Requires><Cmd>1</Cmd><Adp>0</Adp><Ado>304</Ado><Data>0000</Data><Cnt>1</Cnt><Retries>3</Retries><Validate><Data>0100</Data><DataMask>0f00</DataMask><Timeout>3000</Timeout></Validate></InitCmd><InitCmd><Transition>IP</Transition><Comment><![CDATA[assign EEPROM to ECAT]]></Comment><Requires>cycle</Requires><Cmd>2</Cmd><Adp>0</Adp><Ado>1280</Ado><Data>00</Data><Cnt>1</Cnt><Retries>3</Retries></InitCmd><InitCmd><Transition>IP</Transition><Comment><![CDATA[check vendor id]]></Comment><Cmd>2</Cmd><Adp>0</Adp><Ado>1282</Ado><Data>000108000000</Data><Cnt>1</Cnt><Retries>3</Retries></InitCmd><InitCmd><Transition>IP</Transition><Comment><![CDATA[check vendor id]]></Comment><Requires>cycle</Requires><Cmd>1</Cmd><Adp>0</Adp><Ado>1288</Ado><Data>00000000</Data><Cnt>1</Cnt><Retries>3</Retries><Validate><Data>ab000000</Data><Timeout>100</Timeout></Validate></InitCmd><InitCmd><Transition>IP</Transition><Comment><![CDATA[check product code]]></Comment><Cmd>2</Cmd><Adp>0</Adp><Ado>1282</Ado><Data>00010a000000</Data><Cnt>1</Cnt><Retries>3</Retries></InitCmd><InitCmd><Transition>IP</Transition><Comment><![CDATA[check product code]]></Comment><Requires>cycle</Requires><Cmd>1</Cmd><Adp>0</Adp><Ado>1288</Ado><Data>00000000</Data><Cnt>1</Cnt><Retries>3</Retries><Validate><Data>80030000</Data><Timeout>100</Timeout></Validate></InitCmd><InitCmd><Transition>IP</Transition><Transition>IB</Transition><Comment><![CDATA[set physical address]]></Comment><Requires>cycle</Requires><Cmd>2</Cmd><Adp>0</Adp><Ado>16</Ado><Data>e903</Data><Cnt>1</Cnt><Retries>3</Retries></InitCmd><InitCmd><Transition>IP</Transition><Comment><![CDATA[set watchdog divider]]></Comment><Cmd>5</Cmd><Adp>1001</Adp><Ado>1024</Ado><Data>c209</Data><Cnt>1</Cnt><Retries>3</Retries></InitCmd><InitCmd><Transition>IP</Transition><Comment><![CDATA[set PDI watchdog]]></Comment><Cmd>5</Cmd><Adp>1001</Adp><Ado>1040</Ado><Data>e803</Data><Cnt>1</Cnt><Retries>3</Retries></InitCmd><InitCmd><Transition>IP</Transition><Comment><![CDATA[set SM watchdog]]></Comment><Cmd>5</Cmd><Adp>1001</Adp><Ado>1056</Ado><Data>e803</Data><Cnt>1</Cnt><Retries>3</Retries></InitCmd><InitCmd><Transition>IP</Transition><Transition>IB</Transition><Transition>PI</Transition><Transition>SI</Transition><Transition>OI</Transition><Comment><![CDATA[clear sm 0/1 (mailbox out/in)]]></Comment><Cmd>5</Cmd><Adp>1001</Adp><Ado>2048</Ado><Data>00000000000000000000000000000000</Data><Retries>3</Retries></InitCmd><InitCmd><Transition>BI</Transition><Comment><![CDATA[clear sm 0/1 (mailbox out/in)]]></Comment><Cmd>2</Cmd><Adp>0</Adp><Ado>2048</Ado><Data>00000000000000000000000000000000</Data><Retries>3</Retries></InitCmd><InitCmd><Transition>IP</Transition><Transition>IB</Transition><Comment><![CDATA[set sm 0 (mailbox out)]]></Comment><Cmd>5</Cmd><Adp>1001</Adp><Ado>2048</Ado><Data>0010000126000100</Data><Cnt>1</Cnt><Retries>3</Retries></InitCmd><InitCmd><Transition>IP</Transition><Transition>IB</Transition><Comment><![CDATA[set sm 1 (mailbox in)]]></Comment><Cmd>5</Cmd><Adp>1001</Adp><Ado>2056</Ado><Data>0011000122000100</Data><Cnt>1</Cnt><Retries>3</Retries></InitCmd><InitCmd><Transition>PS</Transition><Comment><![CDATA[set DC cycle time]]></Comment><Requires>cycle</Requires><Cmd>5</Cmd><Adp>1001</Adp><Ado>2464</Ado><Data>40420f0000000000</Data><Cnt>1</Cnt><Retries>3</Retries></InitCmd><InitCmd><Transition>PS</Transition><Comment><![CDATA[set DC start time]]></Comment><Requires>cycle</Requires><Cmd>5</Cmd><Adp>1001</Adp><Ado>2448</Ado><Data>0000000000000000</Data><Cnt>1</Cnt><Retries>3</Retries></InitCmd><InitCmd><Transition>PS</Transition><Comment><![CDATA[set DC activation]]></Comment><Requires>cycle</Requires><Cmd>5</Cmd><Adp>1001</Adp><Ado>2432</Ado><Data>3003</Data><Cnt>1</Cnt><Retries>3</Retries></InitCmd><InitCmd><Transition>PP</Transition><Comment><![CDATA[clear DC activation]]></Comment><Requires>cycle</Requires><Cmd>5</Cmd><Adp>1001</Adp><Ado>2432</Ado><Data>0000</Data><Retries>3</Retries></InitCmd><InitCmd><Transition>SP</Transition><Transition>OP</Transition><Comment><![CDATA[set device state to PREOP]]></Comment><Requires>cycle</Requires><Cmd>5</Cmd><Adp>1001</Adp><Ado>288</Ado><Data>1200</Data><Retries>300</Retries></InitCmd><InitCmd><Transition>IP</Transition><Transition>SP</Transition><Transition>SI</Transition><Transition>OP</Transition><Transition>OI</Transition><Comment><![CDATA[clear sms]]></Comment><Cmd>5</Cmd><Adp>1001</Adp><Ado>2064</Ado><Data>00000000000000000000000000000000</Data><Retries>3</Retries></InitCmd><InitCmd><Transition>PS</Transition><Comment><![CDATA[set sm 2 (outputs)]]></Comment><Cmd>5</Cmd><Adp>1001</Adp><Ado>2064</Ado><Data>0012060064000100</Data><Cnt>1</Cnt><Retries>3</Retries></InitCmd><InitCmd><Transition>PS</Transition><Comment><![CDATA[set sm 3 (inputs)]]></Comment><Cmd>5</Cmd><Adp>1001</Adp><Ado>2072</Ado><Data>0018060020000100</Data><Cnt>1</Cnt><Retries>3</Retries></InitCmd><InitCmd><Transition>PS</Transition><Comment><![CDATA[set fmmu 0 (outputs)]]></Comment><Cmd>5</Cmd><Adp>1001</Adp><Ado>1536</Ado><Data>00000001060000070012000201000000</Data><Cnt>1</Cnt><Retries>3</Retries></InitCmd><InitCmd><Transition>PS</Transition><Comment><![CDATA[set fmmu 1 (inputs)]]></Comment><Cmd>5</Cmd><Adp>1001</Adp><Ado>1552</Ado><Data>00000001060000070018000101000000</Data><Cnt>1</Cnt><Retries>3</Retries></InitCmd><InitCmd><Transition>OS</Transition><Comment><![CDATA[set device state to SAFEOP]]></Comment><Requires>cycle</Requires><Cmd>5</Cmd><Adp>1001</Adp><Ado>288</Ado><Data>0400</Data><Retries>3</Retries></InitCmd><InitCmd><Transition>SP</Transition><Transition>SI</Transition><Transition>OP</Transition><Transition>OI</Transition><Comment><![CDATA[clear fmmu 0]]></Comment><Cmd>5</Cmd><Adp>1001</Adp><Ado>1536</Ado><Data>00000000000000000000000000000000</Data><Retries>3</Retries></InitCmd><InitCmd><Transition>SP</Transition><Transition>SI</Transition><Transition>OP</Transition><Transition>OI</Transition><Comment><![CDATA[clear fmmu 1]]></Comment><Cmd>5</Cmd><Adp>1001</Adp><Ado>1552</Ado><Data>00000000000000000000000000000000</Data><Retries>3</Retries></InitCmd><InitCmd><Transition>SP</Transition><Transition>OP</Transition><Comment><![CDATA[clear DC activation]]></Comment><Requires>cycle</Requires><Cmd>5</Cmd><Adp>1001</Adp><Ado>2432</Ado><Data>0000</Data><Retries>3</Retries></InitCmd><InitCmd><Transition>SP</Transition><Transition>OP</Transition><Comment><![CDATA[check device state for PREOP]]></Comment><Requires>cycle</Requires><Cmd>4</Cmd><Adp>1001</Adp><Ado>304</Ado><Data>000000000000</Data><Retries>3</Retries><Validate><Data>020000000000</Data><DataMask>0f0000000000</DataMask><Timeout>5000</Timeout></Validate></InitCmd><InitCmd><Transition>IP</Transition><Transition>IB</Transition><Comment><![CDATA[assign EEPROM to PDI]]></Comment><Requires>cycle</Requires><Cmd>5</Cmd><Adp>1001</Adp><Ado>1280</Ado><Data>01</Data><Cnt>1</Cnt><Retries>3</Retries></InitCmd><InitCmd><Transition>II</Transition><Comment><![CDATA[assign EEPROM back to ECAT]]></Comment><Requires>cycle</Requires><Cmd>2</Cmd><Adp>0</Adp><Ado>1280</Ado><Data>00</Data><Retries>3</Retries></InitCmd><InitCmd><Transition>IP</Transition><Comment><![CDATA[set device state to PREOP]]></Comment><Requires>cycle</Requires><Cmd>5</Cmd><Adp>1001</Adp><Ado>288</Ado><Data>1200</Data><Cnt>1</Cnt><Retries>300</Retries></InitCmd><InitCmd><Transition>IP</Transition><Comment><![CDATA[check device state for PREOP]]></Comment><Requires>cycle</Requires><Cmd>4</Cmd><Adp>1001</Adp><Ado>304</Ado><Data>000000000000</Data><Cnt>1</Cnt><Retries>3</Retries><Validate><Data>020000000000</Data><DataMask>1f0000000000</DataMask><Timeout>3000</Timeout></Validate></InitCmd><InitCmd><Transition>IP</Transition><Transition>BI</Transition><Comment><![CDATA[assign EEPROM back to ECAT]]></Comment><Requires>cycle</Requires><Cmd>2</Cmd><Adp>0</Adp><Ado>1280</Ado><Data>00</Data><Retries>3</Retries></InitCmd><InitCmd><Transition>IB</Transition><Comment><![CDATA[set device state to BOOT]]></Comment><Requires>cycle</Requires><Cmd>5</Cmd><Adp>1001</Adp><Ado>288</Ado><Data>1300</Data><Cnt>1</Cnt><Retries>3</Retries></InitCmd><InitCmd><Transition>IB</Transition><Comment><![CDATA[check device state for BOOT]]></Comment><Requires>cycle</Requires><Cmd>4</Cmd><Adp>1001</Adp><Ado>304</Ado><Data>000000000000</Data><Cnt>1</Cnt><Retries>3</Retries><Validate><Data>030000000000</Data><DataMask>1f0000000000</DataMask><Timeout>3000</Timeout></Validate></InitCmd><InitCmd><Transition>PS</Transition><Comment><![CDATA[set device state to SAFEOP]]></Comment><Requires>cycle</Requires><Cmd>5</Cmd><Adp>1001</Adp><Ado>288</Ado><Data>0400</Data><Cnt>1</Cnt><Retries>3</Retries></InitCmd><InitCmd><Transition>PS</Transition><Comment><![CDATA[check device state for SAFEOP]]></Comment><Requires>cycle</Requires><Cmd>4</Cmd><Adp>1001</Adp><Ado>304</Ado><Data>000000000000</Data><Cnt>1</Cnt><Retries>3</Retries><Validate><Data>040000000000</Data><DataMask>1f0000000000</DataMask><Timeout>10000</Timeout></Validate></InitCmd><InitCmd><Transition>OS</Transition><Comment><![CDATA[check device state for SAFEOP]]></Comment><Requires>cycle</Requires><Cmd>4</Cmd><Adp>1001</Adp><Ado>304</Ado><Data>000000000000</Data><Retries>3</Retries><Validate><Data>040000000000</Data><DataMask>0f0000000000</DataMask><Timeout>200</Timeout></Validate></InitCmd><InitCmd><Transition>SO</Transition><Comment><![CDATA[set device state to OP]]></Comment><Requires>cycle</Requires><Cmd>5</Cmd><Adp>1001</Adp><Ado>288</Ado><Data>0800</Data><Cnt>1</Cnt><Retries>3</Retries></InitCmd><InitCmd><Transition>SO</Transition><Comment><![CDATA[check device state for OP]]></Comment><Requires>cycle</Requires><Cmd>4</Cmd><Adp>1001</Adp><Ado>304</Ado><Data>000000000000</Data><Cnt>1</Cnt><Retries>3</Retries><Validate><Data>080000000000</Data><DataMask>1f0000000000</DataMask><Timeout>10000</Timeout></Validate></InitCmd></InitCmds><DC><ReferenceClock>1</ReferenceClock><CycleTime0>1000000</CycleTime0><CycleTime1>0</CycleTime1><ShiftTime>0</ShiftTime></DC></Slave><Cyclic><Frame><Cmd><State>PREOP</State><State>SAFEOP</State><State>OP</State><Comment><![CDATA[cyclic cmd]]></Comment><Cmd>0</Cmd><Adp>0</Adp><Ado>2304</Ado><DataLength>4</DataLength><InputOffs>16</InputOffs><OutputOffs>16</OutputOffs></Cmd><Cmd><State>PREOP</State><State>SAFEOP</State><State>OP</State><Comment><![CDATA[cyclic cmd]]></Comment><Cmd>13</Cmd><Adp>0</Adp><Ado>2320</Ado><DataLength>4</DataLength><InputOffs>32</InputOffs><OutputOffs>32</OutputOffs></Cmd><Cmd><State>PREOP</State><State>SAFEOP</State><State>OP</State><Comment><![CDATA[cyclic cmd]]></Comment><Cmd>2</Cmd><Adp>0</Adp><Ado>2320</Ado><DataLength>4</DataLength><InputOffs>48</InputOffs><OutputOffs>48</OutputOffs></Cmd><Cmd><State>SAFEOP</State><State>OP</State><Comment><![CDATA[cyclic cmd]]></Comment><Cmd>12</Cmd><Addr>16777216</Addr><DataLength>6</DataLength><Cnt>3</Cnt><InputOffs>64</InputOffs><OutputOffs>64</OutputOffs></Cmd><Cmd><State>SAFEOP</State><State>OP</State><Comment><![CDATA[cyclic cmd]]></Comment><Cmd>7</Cmd><Adp>0</Adp><Ado>2348</Ado><DataLength>4</DataLength><InputOffs>82</InputOffs><OutputOffs>82</OutputOffs></Cmd><Cmd><State>PREOP</State><State>SAFEOP</State><State>OP</State><Comment><![CDATA[cyclic cmd]]></Comment><Cmd>7</Cmd><Adp>0</Adp><Ado>304</Ado><DataLength>2</DataLength><Cnt>1</Cnt><InputOffs>98</InputOffs><OutputOffs>98</OutputOffs></Cmd></Frame></Cyclic><ProcessImage><Inputs><ByteSize>1536</ByteSize><Variable><Name>Drive 1 (Accelnet - AEP).Transmit PDO 2.Status word</Name><DataType>UINT</DataType><BitSize>16</BitSize><BitOffs>592</BitOffs></Variable><Variable><Name>Drive 1 (Accelnet - AEP).Transmit PDO 2.Actual motor position</Name><DataType>DINT</DataType><BitSize>32</BitSize><BitOffs>608</BitOffs></Variable><Variable><Name>Inputs.Frm0State</Name><Comment><![CDATA[0x0001 = 1. EtherCAT command not sent (NOP requested)
0x0002 = 2. EtherCAT command not sent (NOP requested)
0x0004 = 3. EtherCAT command not sent (NOP requested)
...
0x4000 = 15. EtherCAT command not sent (NOP requested)
0x8000 = complete frame not sent
]]></Comment><DataType>UINT</DataType><BitSize>16</BitSize><BitOffs>12160</BitOffs></Variable><Variable><Name>Inputs.Frm0WcState</Name><Comment><![CDATA[0x0001 = wrong working counter of 1. EtherCAT command received
0x0002 = wrong working counter of 2. EtherCAT command received
0x0004 = wrong working counter of 3. EtherCAT command received
...
0x4000 = wrong working counter of 15. EtherCAT command received
0x8000 = complete frame missing
]]></Comment><DataType>UINT</DataType><BitSize>16</BitSize><BitOffs>12176</BitOffs></Variable><Variable><Name>Drive 1 (Accelnet - AEP).WcState.WcState</Name><Comment><![CDATA[0 = Data valid
1 = Data invalid
]]></Comment><DataType>BOOL</DataType><BitSize>1</BitSize><BitOffs>12179</BitOffs></Variable><Variable><Name>Inputs.SlaveCount</Name><Comment><![CDATA[Actual count of EtherCAT slaves received]]></Comment><DataType>UINT</DataType><BitSize>16</BitSize><BitOffs>12240</BitOffs></Variable><Variable><Name>Inputs.DevState</Name><Comment><![CDATA[0x0001 = Link error
0x0002 = I/O locked after link error (I/O reset required)
0x0004 = Link error (redundancy adapter)
0x0008 = Missing one frame (redundancy mode)
0x0010 = Out of send resources (I/O reset required)
0x0020 = Watchdog triggered
0x0040 = Ethernet driver (miniport) not found
0x0080 = I/O reset active
0x0100 = At least one device in 'INIT' state
0x0200 = At least one device in 'PRE-OP' state
0x0400 = At least one device in 'SAFE-OP' state
0x0800 = At least one device indicates an error state
0x1000 = DC not in sync
]]></Comment><DataType>UINT</DataType><BitSize>16</BitSize><BitOffs>12272</BitOffs></Variable></Inputs><Outputs><ByteSize>1536</ByteSize><Variable><Name>Drive 1 (Accelnet - AEP).Receive PDO 0.Control word</Name><DataType>UINT</DataType><BitSize>16</BitSize><BitOffs>592</BitOffs></Variable><Variable><Name>Drive 1 (Accelnet - AEP).Receive PDO 0.Profile target position</Name><DataType>DINT</DataType><BitSize>32</BitSize><BitOffs>608</BitOffs></Variable><Variable><Name>Outputs.Frm0Ctrl</Name><Comment><![CDATA[0x0001 = prevent 1. EtherCAT command from sending (request NOP)
0x0002 = prevent 2. EtherCAT command from sending (request NOP)
0x0004 = prevent 3. EtherCAT command from sending (request NOP)
...
0x4000 = prevent 15. EtherCAT command from sending (request NOP)
0x8000 = prevent complete frame from sending
]]></Comment><DataType>UINT</DataType><BitSize>16</BitSize><BitOffs>12160</BitOffs></Variable><Variable><Name>Outputs.Frm0WcCtrl</Name><Comment><![CDATA[0x0001 = copy data with wrong working counter of 1. EtherCAT command
0x0002 = copy data with wrong working counter of 2. EtherCAT command
0x0004 = copy data with wrong working counter of 3. EtherCAT command
...
0x4000 = copy data with wrong working counter of 15. EtherCAT command
]]></Comment><DataType>UINT</DataType><BitSize>16</BitSize><BitOffs>12176</BitOffs></Variable><Variable><Name>Outputs.DevCtrl</Name><DataType>UINT</DataType><BitSize>16</BitSize><BitOffs>12272</BitOffs></Variable></Outputs></ProcessImage></Config></EtherCATConfig>
