<?xml version="1.0" encoding="iso-8859-1"?><!-- Created with EniEngine --><EtherCATConfig xsi:noNamespaceSchemaLocation="EtherCATConfig.xsd" Version="1.3" xmlns:xsi="http://www.w3.org/2001/XMLSchema-instance"><Config><Master><Info><Name><![CDATA[Class-A Master]]></Name><Destination>ffffffffffff</Destination><Source>24f5aac21c65</Source><EtherType>a488</EtherType></Info><MailboxStates><StartAddr>150994944</StartAddr><Count>2</Count></MailboxStates><InitCmds><InitCmd><Transition>IP</Transition><BeforeSlave>1</BeforeSlave><Comment><![CDATA[read slave count]]></Comment><Requires>cycle</Requires><Cmd>7</Cmd><Adp>0</Adp><Ado>304</Ado><Data>0000</Data><Retries>0</Retries></InitCmd><InitCmd><Transition>IP</Transition><BeforeSlave>1</BeforeSlave><Comment><![CDATA[read slave count]]></Comment><Requires>cycle</Requires><Cmd>7</Cmd><Adp>0</Adp><Ado>304</Ado><Data>0000</Data><Retries>0</Retries></InitCmd><InitCmd><Transition>IP</Transition><BeforeSlave>1</BeforeSlave><Comment><![CDATA[enable ECAT IRQ]]></Comment><Requires>cycle</Requires><Cmd>8</Cmd><Adp>0</Adp><Ado>512</Ado><Data>0400</Data><Retries>3</Retries></InitCmd><InitCmd><Transition>IP</Transition><BeforeSlave>1</BeforeSlave><Comment><![CDATA[clear configured addresses]]></Comment><Requires>cycle</Requires><Cmd>8</Cmd><Adp>0</Adp><Ado>16</Ado><Data>0000</Data><Retries>3</Retries></InitCmd><InitCmd><Transition>IP</Transition><BeforeSlave>1</BeforeSlave><Comment><![CDATA[clear crc register]]></Comment><Requires>cycle</Requires><Cmd>8</Cmd><Adp>0</Adp><Ado>768</Ado><Data>0000000000000000</Data><Retries>3</Retries></InitCmd><InitCmd><Transition>IP</Transition><Transition>PI</Transition><Transition>BI</Transition><Transition>SI</Transition><Transition>OI</Transition><BeforeSlave>1</BeforeSlave><Comment><![CDATA[clear fmmu]]></Comment><Requires>cycle</Requires><Cmd>8</Cmd><Adp>0</Adp><Ado>1536</Ado><DataLength>256</DataLength><Retries>3</Retries></InitCmd><InitCmd><Transition>IP</Transition><BeforeSlave>1</BeforeSlave><Comment><![CDATA[clear sm]]></Comment><Requires>cycle</Requires><Cmd>8</Cmd><Adp>0</Adp><Ado>2048</Ado><DataLength>256</DataLength><Retries>3</Retries></InitCmd><InitCmd><Transition>IP</Transition><BeforeSlave>1</BeforeSlave><Comment><![CDATA[clear dc system time]]></Comment><Requires>cycle</Requires><Cmd>8</Cmd><Adp>0</Adp><Ado>2320</Ado><DataLength>32</DataLength><Retries>3</Retries></InitCmd><InitCmd><Transition>IP</Transition><BeforeSlave>1</BeforeSlave><Comment><![CDATA[clear dc cycle cfg]]></Comment><Requires>cycle</Requires><Cmd>8</Cmd><Adp>0</Adp><Ado>2433</Ado><Data>00</Data><Retries>3</Retries></InitCmd><InitCmd><Transition>IP</Transition><BeforeSlave>1</BeforeSlave><Comment><![CDATA[reset dc speed]]></Comment><Requires>cycle</Requires><Cmd>8</Cmd><Adp>0</Adp><Ado>2352</Ado><Data>0010</Data><Retries>3</Retries></InitCmd><InitCmd><Transition>IP</Transition><BeforeSlave>1</BeforeSlave><Comment><![CDATA[configure dc filter]]></Comment><Requires>cycle</Requires><Cmd>8</Cmd><Adp>0</Adp><Ado>2356</Ado><Data>000c</Data><Retries>3</Retries></InitCmd><InitCmd><Transition>IP</Transition><BeforeSlave>1</BeforeSlave><Comment><![CDATA[en/disable second physical address]]></Comment><Requires>cycle</Requires><Cmd>8</Cmd><Adp>0</Adp><Ado>259</Ado><Data>00</Data><Retries>3</Retries></InitCmd></InitCmds></Master><Slave><Info><!--Slave_1001 [CSD7_08BN1] (1001)--><Name><![CDATA[Slave_1001 [CSD7_08BN1]]]></Name><PhysAddr>1001</PhysAddr><AutoIncAddr>0</AutoIncAddr><Physics>YY</Physics><VendorId>829</VendorId><ProductCode>33619972</ProductCode><RevisionNo>2</RevisionNo><SerialNo>0</SerialNo></Info><ProcessData><Send><BitStart>0</BitStart><BitLength>192</BitLength></Send><Recv><BitStart>0</BitStart><BitLength>160</BitLength></Recv><Sm2><Type>Outputs</Type><StartAddress>4608</StartAddress><ControlByte>100</ControlByte><Enable>1</Enable><Pdo>5889</Pdo></Sm2><Sm3><Type>Inputs</Type><StartAddress>4096</StartAddress><ControlByte>0</ControlByte><Enable>1</Enable><Pdo>6913</Pdo></Sm3><TxPdo Fixed="1"><Index>#x1a00</Index><Name>1st txPDO Mapping</Name><Exclude>#x1a01</Exclude><Exclude>#x1a02</Exclude><Exclude>#x1a03</Exclude><Exclude>#x1a04</Exclude><Exclude>#x1b01</Exclude><Entry><Index>#x6041</Index><SubIndex>0</SubIndex><BitLen>16</BitLen><Name>Status Word</Name><Comment><![CDATA[object 0x6041:0]]></Comment><DataType>UINT</DataType></Entry><Entry><Index>#x6064</Index><SubIndex>0</SubIndex><BitLen>32</BitLen><Name>Position Actual Value</Name><Comment><![CDATA[object 0x6064:0]]></Comment><DataType>DINT</DataType></Entry><Entry><Index>#x606c</Index><SubIndex>0</SubIndex><BitLen>32</BitLen><Name>Velocity Actual Value</Name><Comment><![CDATA[object 0x606C:0]]></Comment><DataType>DINT</DataType></Entry><Entry><Index>#x6077</Index><SubIndex>0</SubIndex><BitLen>16</BitLen><Name>Torque Actual Value</Name><Comment><![CDATA[object 0x6077:0]]></Comment><DataType>INT</DataType></Entry><Entry><Index>#x6061</Index><SubIndex>0</SubIndex><BitLen>8</BitLen><Name>Modes of Operation Display</Name><Comment><![CDATA[object 0x6061:0]]></Comment><DataType>SINT</DataType></Entry><Entry><Index>#x1001</Index><SubIndex>0</SubIndex><BitLen>8</BitLen><Name>Error Register</Name><Comment><![CDATA[object 0x1001:0]]></Comment><DataType>SINT</DataType></Entry><Entry><Index>#x60f4</Index><SubIndex>0</SubIndex><BitLen>32</BitLen><Name>Following error actual value</Name><Comment><![CDATA[object 0x60F4:0]]></Comment><DataType>DINT</DataType></Entry><Entry><Index>#x60b9</Index><SubIndex>0</SubIndex><BitLen>16</BitLen><Name>Touch probe status</Name><Comment><![CDATA[object 0x60B9:0]]></Comment><DataType>UINT</DataType></Entry><Entry><Index>#x603f</Index><SubIndex>0</SubIndex><BitLen>16</BitLen><Name>Error Code</Name><Comment><![CDATA[object 0x603F:0]]></Comment><DataType>UINT</DataType></Entry><Entry><Index>#x60fd</Index><SubIndex>0</SubIndex><BitLen>32</BitLen><Name>Digital Inputs</Name><Comment><![CDATA[object 0x60FD:0]]></Comment><DataType>UDINT</DataType></Entry></TxPdo><TxPdo Fixed="1"><Index>#x1a01</Index><Name>2nd txPDO Mapping</Name><Exclude>#x1a00</Exclude><Exclude>#x1a02</Exclude><Exclude>#x1a03</Exclude><Exclude>#x1a04</Exclude><Exclude>#x1b01</Exclude><Entry><Index>#x6041</Index><SubIndex>0</SubIndex><BitLen>16</BitLen><Name>Status Word</Name><Comment><![CDATA[object 0x6041:0]]></Comment><DataType>UINT</DataType></Entry><Entry><Index>#x6064</Index><SubIndex>0</SubIndex><BitLen>32</BitLen><Name>Position Actual Value</Name><Comment><![CDATA[object 0x6064:0]]></Comment><DataType>DINT</DataType></Entry><Entry><Index>#x606c</Index><SubIndex>0</SubIndex><BitLen>32</BitLen><Name>Velocity Actual Value</Name><Comment><![CDATA[object 0x606C:0]]></Comment><DataType>DINT</DataType></Entry><Entry><Index>#x6077</Index><SubIndex>0</SubIndex><BitLen>16</BitLen><Name>Torque Actual Value</Name><Comment><![CDATA[object 0x6077:0]]></Comment><DataType>INT</DataType></Entry><Entry><Index>#x60f4</Index><SubIndex>0</SubIndex><BitLen>32</BitLen><Name>Following error actual value</Name><Comment><![CDATA[object 0x60F4:0]]></Comment><DataType>DINT</DataType></Entry><Entry><Index>#x60b9</Index><SubIndex>0</SubIndex><BitLen>16</BitLen><Name>Touch probe status</Name><Comment><![CDATA[object 0x60B9:0]]></Comment><DataType>UINT</DataType></Entry><Entry><Index>#x603f</Index><SubIndex>0</SubIndex><BitLen>16</BitLen><Name>Error Code</Name><Comment><![CDATA[object 0x603F:0]]></Comment><DataType>UINT</DataType></Entry><Entry><Index>#x60fd</Index><SubIndex>0</SubIndex><BitLen>32</BitLen><Name>Digital Inputs</Name><Comment><![CDATA[object 0x60FD:0]]></Comment><DataType>UDINT</DataType></Entry></TxPdo><TxPdo Fixed="1"><Index>#x1a02</Index><Name>3rd txPDO Mapping</Name><Exclude>#x1a00</Exclude><Exclude>#x1a01</Exclude><Exclude>#x1a03</Exclude><Exclude>#x1a04</Exclude><Exclude>#x1b01</Exclude><Entry><Index>#x6041</Index><SubIndex>0</SubIndex><BitLen>16</BitLen><Name>Status Word</Name><Comment><![CDATA[object 0x6041:0]]></Comment><DataType>UINT</DataType></Entry><Entry><Index>#x606c</Index><SubIndex>0</SubIndex><BitLen>32</BitLen><Name>Velocity Actual Value</Name><Comment><![CDATA[object 0x606C:0]]></Comment><DataType>DINT</DataType></Entry><Entry><Index>#x603f</Index><SubIndex>0</SubIndex><BitLen>16</BitLen><Name>Error Code</Name><Comment><![CDATA[object 0x603F:0]]></Comment><DataType>UINT</DataType></Entry><Entry><Index>#x60fd</Index><SubIndex>0</SubIndex><BitLen>32</BitLen><Name>Digital Inputs</Name><Comment><![CDATA[object 0x60FD:0]]></Comment><DataType>UDINT</DataType></Entry></TxPdo><TxPdo Fixed="1"><Index>#x1a03</Index><Name>4th txPDO Mapping</Name><Exclude>#x1a00</Exclude><Exclude>#x1a01</Exclude><Exclude>#x1a02</Exclude><Exclude>#x1a04</Exclude><Exclude>#x1b01</Exclude><Entry><Index>#x6041</Index><SubIndex>0</SubIndex><BitLen>16</BitLen><Name>Status Word</Name><Comment><![CDATA[object 0x6041:0]]></Comment><DataType>UINT</DataType></Entry><Entry><Index>#x6077</Index><SubIndex>0</SubIndex><BitLen>16</BitLen><Name>Torque Actual Value</Name><Comment><![CDATA[object 0x6077:0]]></Comment><DataType>INT</DataType></Entry><Entry><Index>#x603f</Index><SubIndex>0</SubIndex><BitLen>16</BitLen><Name>Error Code</Name><Comment><![CDATA[object 0x603F:0]]></Comment><DataType>UINT</DataType></Entry><Entry><Index>#x60fd</Index><SubIndex>0</SubIndex><BitLen>32</BitLen><Name>Digital Inputs</Name><Comment><![CDATA[object 0x60FD:0]]></Comment><DataType>UDINT</DataType></Entry></TxPdo><TxPdo Fixed="1"><Index>#x1a04</Index><Name>5th txPDO Mapping</Name><Exclude>#x1a00</Exclude><Exclude>#x1a01</Exclude><Exclude>#x1a02</Exclude><Exclude>#x1a03</Exclude><Exclude>#x1b01</Exclude><Entry><Index>#x6041</Index><SubIndex>0</SubIndex><BitLen>16</BitLen><Name>Status Word</Name><Comment><![CDATA[object 0x6041:0]]></Comment><DataType>UINT</DataType></Entry><Entry><Index>#x6064</Index><SubIndex>0</SubIndex><BitLen>32</BitLen><Name>Position Actual Value</Name><Comment><![CDATA[object 0x6064:0]]></Comment><DataType>DINT</DataType></Entry><Entry><Index>#x603f</Index><SubIndex>0</SubIndex><BitLen>16</BitLen><Name>Error Code</Name><Comment><![CDATA[object 0x603F:0]]></Comment><DataType>UINT</DataType></Entry><Entry><Index>#x60fd</Index><SubIndex>0</SubIndex><BitLen>32</BitLen><Name>Digital Inputs</Name><Comment><![CDATA[object 0x60FD:0]]></Comment><DataType>UDINT</DataType></Entry></TxPdo><TxPdo Sm="3"><Index>#x1b01</Index><Name>User_txPDO Mapping</Name><Exclude>#x1a00</Exclude><Exclude>#x1a01</Exclude><Exclude>#x1a02</Exclude><Exclude>#x1a03</Exclude><Exclude>#x1a04</Exclude><Entry><Index>#x6041</Index><SubIndex>0</SubIndex><BitLen>16</BitLen><Name>Status Word</Name><Comment><![CDATA[object 0x6041:0]]></Comment><DataType>UINT</DataType></Entry><Entry><Index>#x6077</Index><SubIndex>0</SubIndex><BitLen>16</BitLen><Name>Torque Actual Value</Name><DataType>INT</DataType></Entry><Entry><Index>#x606c</Index><SubIndex>0</SubIndex><BitLen>32</BitLen><Name>Velocity Actual Value</Name><Comment><![CDATA[object 0x606C:0]]></Comment><DataType>DINT</DataType></Entry><Entry><Index>#x6064</Index><SubIndex>0</SubIndex><BitLen>32</BitLen><Name>Position Actual Value</Name><Comment><![CDATA[object 0x6064:0]]></Comment><DataType>DINT</DataType></Entry><Entry><Index>#x60f4</Index><SubIndex>0</SubIndex><BitLen>32</BitLen><Name>Following error actual value</Name><Comment><![CDATA[object 0x60F4:0]]></Comment><DataType>DINT</DataType></Entry><Entry><Index>#x603f</Index><SubIndex>0</SubIndex><BitLen>16</BitLen><Name>Error Code</Name><DataType>UINT</DataType></Entry><Entry><Index>#x6061</Index><SubIndex>0</SubIndex><BitLen>8</BitLen><Name>Modes of Operation Display</Name><DataType>SINT</DataType></Entry><Entry><Index>#x10f3</Index><SubIndex>0</SubIndex><BitLen>8</BitLen><Name>---</Name><DataType>USINT</DataType></Entry></TxPdo><RxPdo Fixed="1"><Index>#x1600</Index><Name>1st rxPDO Mapping</Name><Exclude>#x1601</Exclude><Exclude>#x1602</Exclude><Exclude>#x1603</Exclude><Exclude>#x1604</Exclude><Exclude>#x1701</Exclude><Entry><Index>#x6040</Index><SubIndex>0</SubIndex><BitLen>16</BitLen><Name>Control Word</Name><Comment><![CDATA[object 0x6040:0]]></Comment><DataType>UINT</DataType></Entry><Entry><Index>#x607a</Index><SubIndex>0</SubIndex><BitLen>32</BitLen><Name>Target Position</Name><Comment><![CDATA[object 0x607A:0]]></Comment><DataType>DINT</DataType></Entry><Entry><Index>#x60ff</Index><SubIndex>0</SubIndex><BitLen>32</BitLen><Name>Target velocity</Name><Comment><![CDATA[object 0x60FF:0]]></Comment><DataType>DINT</DataType></Entry><Entry><Index>#x6071</Index><SubIndex>0</SubIndex><BitLen>16</BitLen><Name>Target Torque</Name><Comment><![CDATA[object 0x6071:0]]></Comment><DataType>INT</DataType></Entry><Entry><Index>#x6060</Index><SubIndex>0</SubIndex><BitLen>8</BitLen><Name>Modes of Operation</Name><Comment><![CDATA[object 0x6060:0]]></Comment><DataType>SINT</DataType></Entry><Entry><Index>#x0</Index><BitLen>8</BitLen><Comment><![CDATA[object 0x0000:0]]></Comment></Entry><Entry><Index>#x60b8</Index><SubIndex>0</SubIndex><BitLen>16</BitLen><Name>Touch probe function</Name><Comment><![CDATA[object 0x60B8:0]]></Comment><DataType>UINT</DataType></Entry></RxPdo><RxPdo Fixed="1"><Index>#x1601</Index><Name>2nd rxPDO Mapping</Name><Exclude>#x1600</Exclude><Exclude>#x1602</Exclude><Exclude>#x1603</Exclude><Exclude>#x1604</Exclude><Exclude>#x1701</Exclude><Entry><Index>#x6040</Index><SubIndex>0</SubIndex><BitLen>16</BitLen><Name>Control Word</Name><Comment><![CDATA[object 0x6040:0]]></Comment><DataType>UINT</DataType></Entry><Entry><Index>#x607a</Index><SubIndex>0</SubIndex><BitLen>32</BitLen><Name>Target Position</Name><Comment><![CDATA[object 0x607A:0]]></Comment><DataType>DINT</DataType></Entry></RxPdo><RxPdo Fixed="1"><Index>#x1602</Index><Name>3rd rxPDO Mapping</Name><Exclude>#x1600</Exclude><Exclude>#x1601</Exclude><Exclude>#x1603</Exclude><Exclude>#x1604</Exclude><Exclude>#x1701</Exclude><Entry><Index>#x6040</Index><SubIndex>0</SubIndex><BitLen>16</BitLen><Name>Control Word</Name><Comment><![CDATA[object 0x6040:0]]></Comment><DataType>UINT</DataType></Entry><Entry><Index>#x60ff</Index><SubIndex>0</SubIndex><BitLen>32</BitLen><Name>Target velocity</Name><Comment><![CDATA[object 0x60FF:0]]></Comment><DataType>DINT</DataType></Entry></RxPdo><RxPdo Fixed="1"><Index>#x1603</Index><Name>4th rxPDO Mapping</Name><Exclude>#x1600</Exclude><Exclude>#x1601</Exclude><Exclude>#x1602</Exclude><Exclude>#x1604</Exclude><Exclude>#x1701</Exclude><Entry><Index>#x6040</Index><SubIndex>0</SubIndex><BitLen>16</BitLen><Name>Control Word</Name><Comment><![CDATA[object 0x6040:0]]></Comment><DataType>UINT</DataType></Entry><Entry><Index>#x6071</Index><SubIndex>0</SubIndex><BitLen>16</BitLen><Name>Target Torque</Name><Comment><![CDATA[object 0x6071:0]]></Comment><DataType>INT</DataType></Entry></RxPdo><RxPdo Fixed="1"><Index>#x1604</Index><Name>5th rxPDO Mapping</Name><Exclude>#x1600</Exclude><Exclude>#x1601</Exclude><Exclude>#x1602</Exclude><Exclude>#x1603</Exclude><Exclude>#x1701</Exclude><Entry><Index>#x6040</Index><SubIndex>0</SubIndex><BitLen>16</BitLen><Name>Control Word</Name><Comment><![CDATA[object 0x6040:0]]></Comment><DataType>UINT</DataType></Entry></RxPdo><RxPdo Sm="2"><Index>#x1701</Index><Name>User_rxPDO_Mapping</Name><Exclude>#x1600</Exclude><Exclude>#x1601</Exclude><Exclude>#x1602</Exclude><Exclude>#x1603</Exclude><Exclude>#x1604</Exclude><Entry><Index>#x6040</Index><SubIndex>0</SubIndex><BitLen>16</BitLen><Name>Control Word</Name><Comment><![CDATA[object 0x6040:0]]></Comment><DataType>UINT</DataType></Entry><Entry><Index>#x6071</Index><SubIndex>0</SubIndex><BitLen>16</BitLen><Name>Target Torque</Name><DataType>INT</DataType></Entry><Entry><Index>#x60ff</Index><SubIndex>0</SubIndex><BitLen>32</BitLen><Name>Target Velocity</Name><DataType>DINT</DataType></Entry><Entry><Index>#x607a</Index><SubIndex>0</SubIndex><BitLen>32</BitLen><Name>Target Position</Name><Comment><![CDATA[object 0x607A:0]]></Comment><DataType>DINT</DataType></Entry><Entry><Index>#x5011</Index><SubIndex>0</SubIndex><BitLen>32</BitLen><Name>Profile velocity</Name><DataType>DINT</DataType></Entry><Entry><Index>#x5011</Index><SubIndex>0</SubIndex><BitLen>32</BitLen><Name>Velocity Offset</Name><DataType>DINT</DataType></Entry><Entry><Index>#x60b8</Index><SubIndex>0</SubIndex><BitLen>16</BitLen><Name>Torque Offset</Name><DataType>UINT</DataType></Entry><Entry><Index>#x5030</Index><SubIndex>0</SubIndex><BitLen>16</BitLen><Name>---</Name><DataType>UINT</DataType></Entry></RxPdo></ProcessData><Mailbox DataLinkLayer="true"><Send><Start>5632</Start><Length>268</Length></Send><Recv><Start>5120</Start><Length>268</Length><StatusBitAddr>0</StatusBitAddr></Recv><BootStrap><Send><Start>5632</Start><Length>268</Length></Send><Recv><Start>5120</Start><Length>268</Length></Recv></BootStrap><Protocol>CoE</Protocol><Protocol>FoE</Protocol><CoE><InitCmds><InitCmd Fixed="1"><Transition>PS</Transition><Comment><![CDATA[clear sm pdos (0x1C12)]]></Comment><Timeout>0</Timeout><Ccs>1</Ccs><Index>7186</Index><SubIndex>0</SubIndex><Data>00</Data></InitCmd><InitCmd Fixed="1"><Transition>PS</Transition><Comment><![CDATA[clear sm pdos (0x1C13)]]></Comment><Timeout>0</Timeout><Ccs>1</Ccs><Index>7187</Index><SubIndex>0</SubIndex><Data>00</Data></InitCmd><InitCmd Fixed="1"><Transition>PS</Transition><Comment><![CDATA[clear pdo 0x1B01 entries]]></Comment><Timeout>0</Timeout><Ccs>1</Ccs><Index>6913</Index><SubIndex>0</SubIndex><Data>00</Data></InitCmd><InitCmd Fixed="1"><Transition>PS</Transition><Comment><![CDATA[download pdo 0x1B01 entry]]></Comment><Timeout>0</Timeout><Ccs>1</Ccs><Index>6913</Index><SubIndex>1</SubIndex><Data>10004160</Data></InitCmd><InitCmd Fixed="1"><Transition>PS</Transition><Comment><![CDATA[download pdo 0x1B01 entry]]></Comment><Timeout>0</Timeout><Ccs>1</Ccs><Index>6913</Index><SubIndex>2</SubIndex><Data>10007760</Data></InitCmd><InitCmd Fixed="1"><Transition>PS</Transition><Comment><![CDATA[download pdo 0x1B01 entry]]></Comment><Timeout>0</Timeout><Ccs>1</Ccs><Index>6913</Index><SubIndex>3</SubIndex><Data>20006c60</Data></InitCmd><InitCmd Fixed="1"><Transition>PS</Transition><Comment><![CDATA[download pdo 0x1B01 entry]]></Comment><Timeout>0</Timeout><Ccs>1</Ccs><Index>6913</Index><SubIndex>4</SubIndex><Data>20006460</Data></InitCmd><InitCmd Fixed="1"><Transition>PS</Transition><Comment><![CDATA[download pdo 0x1B01 entry]]></Comment><Timeout>0</Timeout><Ccs>1</Ccs><Index>6913</Index><SubIndex>5</SubIndex><Data>2000f460</Data></InitCmd><InitCmd Fixed="1"><Transition>PS</Transition><Comment><![CDATA[download pdo 0x1B01 entry]]></Comment><Timeout>0</Timeout><Ccs>1</Ccs><Index>6913</Index><SubIndex>6</SubIndex><Data>10003f60</Data></InitCmd><InitCmd Fixed="1"><Transition>PS</Transition><Comment><![CDATA[download pdo 0x1B01 entry]]></Comment><Timeout>0</Timeout><Ccs>1</Ccs><Index>6913</Index><SubIndex>7</SubIndex><Data>08006160</Data></InitCmd><InitCmd Fixed="1"><Transition>PS</Transition><Comment><![CDATA[download pdo 0x1B01 entry]]></Comment><Timeout>0</Timeout><Ccs>1</Ccs><Index>6913</Index><SubIndex>8</SubIndex><Data>0800f310</Data></InitCmd><InitCmd Fixed="1"><Transition>PS</Transition><Comment><![CDATA[download pdo 0x1B01 entry count]]></Comment><Timeout>0</Timeout><Ccs>1</Ccs><Index>6913</Index><SubIndex>0</SubIndex><Data>08</Data></InitCmd><InitCmd Fixed="1"><Transition>PS</Transition><Comment><![CDATA[clear pdo 0x1701 entries]]></Comment><Timeout>0</Timeout><Ccs>1</Ccs><Index>5889</Index><SubIndex>0</SubIndex><Data>00</Data></InitCmd><InitCmd Fixed="1"><Transition>PS</Transition><Comment><![CDATA[download pdo 0x1701 entry]]></Comment><Timeout>0</Timeout><Ccs>1</Ccs><Index>5889</Index><SubIndex>1</SubIndex><Data>10004060</Data></InitCmd><InitCmd Fixed="1"><Transition>PS</Transition><Comment><![CDATA[download pdo 0x1701 entry]]></Comment><Timeout>0</Timeout><Ccs>1</Ccs><Index>5889</Index><SubIndex>2</SubIndex><Data>10007160</Data></InitCmd><InitCmd Fixed="1"><Transition>PS</Transition><Comment><![CDATA[download pdo 0x1701 entry]]></Comment><Timeout>0</Timeout><Ccs>1</Ccs><Index>5889</Index><SubIndex>3</SubIndex><Data>2000ff60</Data></InitCmd><InitCmd Fixed="1"><Transition>PS</Transition><Comment><![CDATA[download pdo 0x1701 entry]]></Comment><Timeout>0</Timeout><Ccs>1</Ccs><Index>5889</Index><SubIndex>4</SubIndex><Data>20007a60</Data></InitCmd><InitCmd Fixed="1"><Transition>PS</Transition><Comment><![CDATA[download pdo 0x1701 entry]]></Comment><Timeout>0</Timeout><Ccs>1</Ccs><Index>5889</Index><SubIndex>5</SubIndex><Data>20001150</Data></InitCmd><InitCmd Fixed="1"><Transition>PS</Transition><Comment><![CDATA[download pdo 0x1701 entry]]></Comment><Timeout>0</Timeout><Ccs>1</Ccs><Index>5889</Index><SubIndex>6</SubIndex><Data>20001150</Data></InitCmd><InitCmd Fixed="1"><Transition>PS</Transition><Comment><![CDATA[download pdo 0x1701 entry]]></Comment><Timeout>0</Timeout><Ccs>1</Ccs><Index>5889</Index><SubIndex>7</SubIndex><Data>1000b860</Data></InitCmd><InitCmd Fixed="1"><Transition>PS</Transition><Comment><![CDATA[download pdo 0x1701 entry]]></Comment><Timeout>0</Timeout><Ccs>1</Ccs><Index>5889</Index><SubIndex>8</SubIndex><Data>10003050</Data></InitCmd><InitCmd Fixed="1"><Transition>PS</Transition><Comment><![CDATA[download pdo 0x1701 entry count]]></Comment><Timeout>0</Timeout><Ccs>1</Ccs><Index>5889</Index><SubIndex>0</SubIndex><Data>08</Data></InitCmd><InitCmd Fixed="1"><Transition>PS</Transition><Comment><![CDATA[download pdo 0x1C12:01 index]]></Comment><Timeout>0</Timeout><Ccs>1</Ccs><Index>7186</Index><SubIndex>1</SubIndex><Data>0117</Data></InitCmd><InitCmd Fixed="1"><Transition>PS</Transition><Comment><![CDATA[download pdo 0x1C12 count]]></Comment><Timeout>0</Timeout><Ccs>1</Ccs><Index>7186</Index><SubIndex>0</SubIndex><Data>01</Data></InitCmd><InitCmd Fixed="1"><Transition>PS</Transition><Comment><![CDATA[download pdo 0x1C13:01 index]]></Comment><Timeout>0</Timeout><Ccs>1</Ccs><Index>7187</Index><SubIndex>1</SubIndex><Data>011b</Data></InitCmd><InitCmd Fixed="1"><Transition>PS</Transition><Comment><![CDATA[download pdo 0x1C13 count]]></Comment><Timeout>0</Timeout><Ccs>1</Ccs><Index>7187</Index><SubIndex>0</SubIndex><Data>01</Data></InitCmd><InitCmd><Transition>PS</Transition><Timeout>0</Timeout><Ccs>1</Ccs><Index>24672</Index><SubIndex>0</SubIndex><Data>08</Data></InitCmd></InitCmds></CoE></Mailbox><InitCmds><InitCmd><Transition>PI</Transition><Transition>BI</Transition><Transition>SI</Transition><Transition>OI</Transition><Comment><![CDATA[set device state to INIT]]></Comment><Requires>cycle</Requires><Cmd>2</Cmd><Adp>0</Adp><Ado>288</Ado><Data>1100</Data><Retries>3</Retries><Timeout>5000</Timeout></InitCmd><InitCmd><Transition>SI</Transition><Transition>OI</Transition><Comment><![CDATA[clear DC activation]]></Comment><Requires>cycle</Requires><Cmd>2</Cmd><Adp>0</Adp><Ado>2432</Ado><Data>0000</Data><Retries>3</Retries></InitCmd><InitCmd><Transition>PI</Transition><Transition>SI</Transition><Transition>OI</Transition><Comment><![CDATA[check device state for INIT]]></Comment><Requires>cycle</Requires><Cmd>1</Cmd><Adp>0</Adp><Ado>304</Ado><Data>0000</Data><Retries>3</Retries><Validate><Data>0100</Data><DataMask>0f00</DataMask><Timeout>5000</Timeout></Validate></InitCmd><InitCmd><Transition>BI</Transition><Comment><![CDATA[check device state for INIT]]></Comment><Requires>cycle</Requires><Cmd>1</Cmd><Adp>0</Adp><Ado>304</Ado><Data>0000</Data><Retries>3</Retries><Validate><Data>0100</Data><DataMask>0f00</DataMask><Timeout>10000</Timeout></Validate></InitCmd><InitCmd><Transition>IP</Transition><Transition>IB</Transition><Comment><![CDATA[set device state to INIT]]></Comment><Requires>cycle</Requires><Cmd>2</Cmd><Adp>0</Adp><Ado>288</Ado><Data>1100</Data><Cnt>1</Cnt><Retries>3</Retries><Timeout>3000</Timeout></InitCmd><InitCmd><Transition>IP</Transition><Transition>IB</Transition><Comment><![CDATA[check device state for INIT]]></Comment><Requires>cycle</Requires><Cmd>1</Cmd><Adp>0</Adp><Ado>304</Ado><Data>0000</Data><Cnt>1</Cnt><Retries>3</Retries><Validate><Data>0100</Data><DataMask>0f00</DataMask><Timeout>3000</Timeout></Validate></InitCmd><InitCmd><Transition>IP</Transition><Comment><![CDATA[assign EEPROM to ECAT]]></Comment><Requires>cycle</Requires><Cmd>2</Cmd><Adp>0</Adp><Ado>1280</Ado><Data>00</Data><Cnt>1</Cnt><Retries>3</Retries></InitCmd><InitCmd><Transition>IP</Transition><Comment><![CDATA[check vendor id]]></Comment><Cmd>2</Cmd><Adp>0</Adp><Ado>1282</Ado><Data>000108000000</Data><Cnt>1</Cnt><Retries>3</Retries></InitCmd><InitCmd><Transition>IP</Transition><Comment><![CDATA[check vendor id]]></Comment><Requires>cycle</Requires><Cmd>1</Cmd><Adp>0</Adp><Ado>1288</Ado><Data>00000000</Data><Cnt>1</Cnt><Retries>3</Retries><Validate><Data>3d030000</Data><Timeout>100</Timeout></Validate></InitCmd><InitCmd><Transition>IP</Transition><Comment><![CDATA[check product code]]></Comment><Cmd>2</Cmd><Adp>0</Adp><Ado>1282</Ado><Data>00010a000000</Data><Cnt>1</Cnt><Retries>3</Retries></InitCmd><InitCmd><Transition>IP</Transition><Comment><![CDATA[check product code]]></Comment><Requires>cycle</Requires><Cmd>1</Cmd><Adp>0</Adp><Ado>1288</Ado><Data>00000000</Data><Cnt>1</Cnt><Retries>3</Retries><Validate><Data>04000102</Data><Timeout>100</Timeout></Validate></InitCmd><InitCmd><Transition>IP</Transition><Transition>IB</Transition><Comment><![CDATA[set physical address]]></Comment><Requires>cycle</Requires><Cmd>2</Cmd><Adp>0</Adp><Ado>16</Ado><Data>e903</Data><Cnt>1</Cnt><Retries>3</Retries></InitCmd><InitCmd><Transition>IP</Transition><Transition>IB</Transition><Transition>PI</Transition><Transition>SI</Transition><Transition>OI</Transition><Comment><![CDATA[clear sm 0/1 (mailbox out/in)]]></Comment><Cmd>5</Cmd><Adp>1001</Adp><Ado>2048</Ado><Data>00000000000000000000000000000000</Data><Retries>3</Retries></InitCmd><InitCmd><Transition>BI</Transition><Comment><![CDATA[clear sm 0/1 (mailbox out/in)]]></Comment><Cmd>2</Cmd><Adp>0</Adp><Ado>2048</Ado><Data>00000000000000000000000000000000</Data><Retries>3</Retries></InitCmd><InitCmd><Transition>IP</Transition><Comment><![CDATA[set sm 0 (mailbox out)]]></Comment><Cmd>5</Cmd><Adp>1001</Adp><Ado>2048</Ado><Data>00160c0126000100</Data><Cnt>1</Cnt><Retries>3</Retries></InitCmd><InitCmd><Transition>IP</Transition><Comment><![CDATA[set sm 1 (mailbox in)]]></Comment><Cmd>5</Cmd><Adp>1001</Adp><Ado>2056</Ado><Data>00140c0122000100</Data><Cnt>1</Cnt><Retries>3</Retries></InitCmd><InitCmd><Transition>IB</Transition><Comment><![CDATA[set sm 0 (bootstrap out)]]></Comment><Cmd>5</Cmd><Adp>1001</Adp><Ado>2048</Ado><Data>00160c0126000100</Data><Cnt>1</Cnt><Retries>3</Retries></InitCmd><InitCmd><Transition>IB</Transition><Comment><![CDATA[set sm 1 (bootstrap in)]]></Comment><Cmd>5</Cmd><Adp>1001</Adp><Ado>2056</Ado><Data>00140c0122000100</Data><Cnt>1</Cnt><Retries>3</Retries></InitCmd><InitCmd><Transition>PS</Transition><Comment><![CDATA[set DC cycle time]]></Comment><Requires>cycle</Requires><Cmd>5</Cmd><Adp>1001</Adp><Ado>2464</Ado><Data>40420f0000000000</Data><Cnt>1</Cnt><Retries>3</Retries></InitCmd><InitCmd><Transition>PS</Transition><Comment><![CDATA[set DC start time]]></Comment><Requires>cycle</Requires><Cmd>5</Cmd><Adp>1001</Adp><Ado>2448</Ado><Data>0000000000000000</Data><Cnt>1</Cnt><Retries>3</Retries></InitCmd><InitCmd><Transition>PS</Transition><Comment><![CDATA[set DC activation]]></Comment><Requires>cycle</Requires><Cmd>5</Cmd><Adp>1001</Adp><Ado>2432</Ado><Data>0003</Data><Cnt>1</Cnt><Retries>3</Retries></InitCmd><InitCmd><Transition>PS</Transition><Comment><![CDATA[set DC latch cfg]]></Comment><Requires>cycle</Requires><Cmd>5</Cmd><Adp>1001</Adp><Ado>2472</Ado><Data>0000</Data><Retries>3</Retries></InitCmd><InitCmd><Transition>IP</Transition><Transition>PP</Transition><Comment><![CDATA[clear DC activation]]></Comment><Requires>cycle</Requires><Cmd>5</Cmd><Adp>1001</Adp><Ado>2432</Ado><Data>0000</Data><Retries>3</Retries></InitCmd><InitCmd><Transition>SP</Transition><Transition>OP</Transition><Comment><![CDATA[set device state to PREOP]]></Comment><Requires>cycle</Requires><Cmd>5</Cmd><Adp>1001</Adp><Ado>288</Ado><Data>1200</Data><Retries>300</Retries><Timeout>5000</Timeout></InitCmd><InitCmd><Transition>IP</Transition><Transition>SP</Transition><Transition>SI</Transition><Transition>OP</Transition><Transition>OI</Transition><Comment><![CDATA[clear sms]]></Comment><Cmd>5</Cmd><Adp>1001</Adp><Ado>2064</Ado><DataLength>16</DataLength><Retries>3</Retries></InitCmd><InitCmd><Transition>PS</Transition><Comment><![CDATA[set sm 2 (outputs)]]></Comment><Cmd>5</Cmd><Adp>1001</Adp><Ado>2064</Ado><Data>0012180064000100</Data><Cnt>1</Cnt><Retries>3</Retries></InitCmd><InitCmd><Transition>PS</Transition><Comment><![CDATA[set sm 3 (inputs)]]></Comment><Cmd>5</Cmd><Adp>1001</Adp><Ado>2072</Ado><Data>0010140000000100</Data><Cnt>1</Cnt><Retries>3</Retries></InitCmd><InitCmd><Transition>IP</Transition><Transition>IB</Transition><Comment><![CDATA[set fmmu 0 (mailbox state)]]></Comment><Cmd>5</Cmd><Adp>1001</Adp><Ado>1536</Ado><Data>00000009010000000d08000101000000</Data><Cnt>1</Cnt><Retries>3</Retries></InitCmd><InitCmd><Transition>PS</Transition><Comment><![CDATA[set fmmu 1 (outputs)]]></Comment><Cmd>5</Cmd><Adp>1001</Adp><Ado>1552</Ado><Data>00000010180000070012000201000000</Data><Cnt>1</Cnt><Retries>3</Retries></InitCmd><InitCmd><Transition>PS</Transition><Comment><![CDATA[set fmmu 2 (inputs)]]></Comment><Cmd>5</Cmd><Adp>1001</Adp><Ado>1568</Ado><Data>00000010140000070010000101000000</Data><Cnt>1</Cnt><Retries>3</Retries></InitCmd><InitCmd><Transition>OS</Transition><Comment><![CDATA[set device state to SAFEOP]]></Comment><Requires>cycle</Requires><Cmd>5</Cmd><Adp>1001</Adp><Ado>288</Ado><Data>0400</Data><Retries>3</Retries><Timeout>200</Timeout></InitCmd><InitCmd><Transition>PI</Transition><Transition>BI</Transition><Transition>SI</Transition><Transition>OI</Transition><Comment><![CDATA[clear fmmu 0]]></Comment><Cmd>5</Cmd><Adp>1001</Adp><Ado>1536</Ado><Data>00000000000000000000000000000000</Data><Retries>3</Retries></InitCmd><InitCmd><Transition>SP</Transition><Transition>SI</Transition><Transition>OP</Transition><Transition>OI</Transition><Comment><![CDATA[clear fmmu 1]]></Comment><Cmd>5</Cmd><Adp>1001</Adp><Ado>1552</Ado><Data>00000000000000000000000000000000</Data><Retries>3</Retries></InitCmd><InitCmd><Transition>SP</Transition><Transition>SI</Transition><Transition>OP</Transition><Transition>OI</Transition><Comment><![CDATA[clear fmmu 2]]></Comment><Cmd>5</Cmd><Adp>1001</Adp><Ado>1568</Ado><Data>00000000000000000000000000000000</Data><Retries>3</Retries></InitCmd><InitCmd><Transition>SP</Transition><Transition>OP</Transition><Comment><![CDATA[clear DC activation]]></Comment><Requires>cycle</Requires><Cmd>5</Cmd><Adp>1001</Adp><Ado>2432</Ado><Data>0000</Data><Retries>3</Retries></InitCmd><InitCmd><Transition>SP</Transition><Transition>OP</Transition><Comment><![CDATA[check device state for PREOP]]></Comment><Requires>cycle</Requires><Cmd>4</Cmd><Adp>1001</Adp><Ado>304</Ado><Data>000000000000</Data><Retries>3</Retries><Validate><Data>020000000000</Data><DataMask>0f0000000000</DataMask><Timeout>5000</Timeout></Validate></InitCmd><InitCmd><Transition>IP</Transition><Transition>IB</Transition><Comment><![CDATA[assign EEPROM to PDI]]></Comment><Requires>cycle</Requires><Cmd>5</Cmd><Adp>1001</Adp><Ado>1280</Ado><Data>01</Data><Cnt>1</Cnt><Retries>3</Retries></InitCmd><InitCmd><Transition>II</Transition><Comment><![CDATA[assign EEPROM back to ECAT]]></Comment><Requires>cycle</Requires><Cmd>2</Cmd><Adp>0</Adp><Ado>1280</Ado><Data>00</Data><Retries>3</Retries></InitCmd><InitCmd><Transition>IP</Transition><Comment><![CDATA[set device state to PREOP]]></Comment><Requires>cycle</Requires><Cmd>5</Cmd><Adp>1001</Adp><Ado>288</Ado><Data>1200</Data><Cnt>1</Cnt><Retries>300</Retries><Timeout>3000</Timeout></InitCmd><InitCmd><Transition>IP</Transition><Comment><![CDATA[check device state for PREOP]]></Comment><Requires>cycle</Requires><Cmd>4</Cmd><Adp>1001</Adp><Ado>304</Ado><Data>000000000000</Data><Cnt>1</Cnt><Retries>3</Retries><Validate><Data>020000000000</Data><DataMask>1f0000000000</DataMask><Timeout>3000</Timeout></Validate></InitCmd><InitCmd><Transition>IP</Transition><Transition>BI</Transition><Comment><![CDATA[assign EEPROM back to ECAT]]></Comment><Requires>cycle</Requires><Cmd>2</Cmd><Adp>0</Adp><Ado>1280</Ado><Data>00</Data><Retries>3</Retries></InitCmd><InitCmd><Transition>IB</Transition><Comment><![CDATA[set device state to BOOT]]></Comment><Requires>cycle</Requires><Cmd>5</Cmd><Adp>1001</Adp><Ado>288</Ado><Data>1300</Data><Cnt>1</Cnt><Retries>3</Retries><Timeout>3000</Timeout></InitCmd><InitCmd><Transition>IB</Transition><Comment><![CDATA[check device state for BOOT]]></Comment><Requires>cycle</Requires><Cmd>4</Cmd><Adp>1001</Adp><Ado>304</Ado><Data>000000000000</Data><Cnt>1</Cnt><Retries>3</Retries><Validate><Data>030000000000</Data><DataMask>1f0000000000</DataMask><Timeout>3000</Timeout></Validate></InitCmd><InitCmd><Transition>PS</Transition><Comment><![CDATA[set device state to SAFEOP]]></Comment><Requires>cycle</Requires><Cmd>5</Cmd><Adp>1001</Adp><Ado>288</Ado><Data>0400</Data><Cnt>1</Cnt><Retries>3</Retries><Timeout>10000</Timeout></InitCmd><InitCmd><Transition>PS</Transition><Comment><![CDATA[check device state for SAFEOP]]></Comment><Requires>cycle</Requires><Cmd>4</Cmd><Adp>1001</Adp><Ado>304</Ado><Data>000000000000</Data><Cnt>1</Cnt><Retries>3</Retries><Validate><Data>040000000000</Data><DataMask>1f0000000000</DataMask><Timeout>10000</Timeout></Validate></InitCmd><InitCmd><Transition>OS</Transition><Comment><![CDATA[check device state for SAFEOP]]></Comment><Requires>cycle</Requires><Cmd>4</Cmd><Adp>1001</Adp><Ado>304</Ado><Data>000000000000</Data><Retries>3</Retries><Validate><Data>040000000000</Data><DataMask>0f0000000000</DataMask><Timeout>200</Timeout></Validate></InitCmd><InitCmd><Transition>SO</Transition><Comment><![CDATA[set device state to OP]]></Comment><Requires>cycle</Requires><Cmd>5</Cmd><Adp>1001</Adp><Ado>288</Ado><Data>0800</Data><Cnt>1</Cnt><Retries>3</Retries><Timeout>10000</Timeout></InitCmd><InitCmd><Transition>SO</Transition><Comment><![CDATA[check device state for OP]]></Comment><Requires>cycle</Requires><Cmd>4</Cmd><Adp>1001</Adp><Ado>304</Ado><Data>000000000000</Data><Cnt>1</Cnt><Retries>3</Retries><Validate><Data>080000000000</Data><DataMask>1f0000000000</DataMask><Timeout>10000</Timeout></Validate></InitCmd></InitCmds><DC><PotentialReferenceClock>0</PotentialReferenceClock><ReferenceClock>1</ReferenceClock><CycleTime0>1000000</CycleTime0><CycleTime1>0</CycleTime1><ShiftTime>0</ShiftTime></DC></Slave><Slave><Info><!--Slave_1002 [CSD7_08BN1] (1002)--><Name><![CDATA[Slave_1002 [CSD7_08BN1]]]></Name><PhysAddr>1002</PhysAddr><AutoIncAddr>65535</AutoIncAddr><Physics>YY</Physics><VendorId>829</VendorId><ProductCode>33619972</ProductCode><RevisionNo>2</RevisionNo><SerialNo>0</SerialNo></Info><ProcessData><Send><BitStart>192</BitStart><BitLength>192</BitLength></Send><Recv><BitStart>192</BitStart><BitLength>160</BitLength></Recv><Sm2><Type>Outputs</Type><StartAddress>4608</StartAddress><ControlByte>100</ControlByte><Enable>1</Enable><Pdo>5889</Pdo></Sm2><Sm3><Type>Inputs</Type><StartAddress>4096</StartAddress><ControlByte>0</ControlByte><Enable>1</Enable><Pdo>6913</Pdo></Sm3><TxPdo Fixed="1"><Index>#x1a00</Index><Name>1st txPDO Mapping</Name><Exclude>#x1a01</Exclude><Exclude>#x1a02</Exclude><Exclude>#x1a03</Exclude><Exclude>#x1a04</Exclude><Exclude>#x1b01</Exclude><Entry><Index>#x6041</Index><SubIndex>0</SubIndex><BitLen>16</BitLen><Name>Status Word</Name><Comment><![CDATA[object 0x6041:0]]></Comment><DataType>UINT</DataType></Entry><Entry><Index>#x6064</Index><SubIndex>0</SubIndex><BitLen>32</BitLen><Name>Position Actual Value</Name><Comment><![CDATA[object 0x6064:0]]></Comment><DataType>DINT</DataType></Entry><Entry><Index>#x606c</Index><SubIndex>0</SubIndex><BitLen>32</BitLen><Name>Velocity Actual Value</Name><Comment><![CDATA[object 0x606C:0]]></Comment><DataType>DINT</DataType></Entry><Entry><Index>#x6077</Index><SubIndex>0</SubIndex><BitLen>16</BitLen><Name>Torque Actual Value</Name><Comment><![CDATA[object 0x6077:0]]></Comment><DataType>INT</DataType></Entry><Entry><Index>#x6061</Index><SubIndex>0</SubIndex><BitLen>8</BitLen><Name>Modes of Operation Display</Name><Comment><![CDATA[object 0x6061:0]]></Comment><DataType>SINT</DataType></Entry><Entry><Index>#x1001</Index><SubIndex>0</SubIndex><BitLen>8</BitLen><Name>Error Register</Name><Comment><![CDATA[object 0x1001:0]]></Comment><DataType>SINT</DataType></Entry><Entry><Index>#x60f4</Index><SubIndex>0</SubIndex><BitLen>32</BitLen><Name>Following error actual value</Name><Comment><![CDATA[object 0x60F4:0]]></Comment><DataType>DINT</DataType></Entry><Entry><Index>#x60b9</Index><SubIndex>0</SubIndex><BitLen>16</BitLen><Name>Touch probe status</Name><Comment><![CDATA[object 0x60B9:0]]></Comment><DataType>UINT</DataType></Entry><Entry><Index>#x603f</Index><SubIndex>0</SubIndex><BitLen>16</BitLen><Name>Error Code</Name><Comment><![CDATA[object 0x603F:0]]></Comment><DataType>UINT</DataType></Entry><Entry><Index>#x60fd</Index><SubIndex>0</SubIndex><BitLen>32</BitLen><Name>Digital Inputs</Name><Comment><![CDATA[object 0x60FD:0]]></Comment><DataType>UDINT</DataType></Entry></TxPdo><TxPdo Fixed="1"><Index>#x1a01</Index><Name>2nd txPDO Mapping</Name><Exclude>#x1a00</Exclude><Exclude>#x1a02</Exclude><Exclude>#x1a03</Exclude><Exclude>#x1a04</Exclude><Exclude>#x1b01</Exclude><Entry><Index>#x6041</Index><SubIndex>0</SubIndex><BitLen>16</BitLen><Name>Status Word</Name><Comment><![CDATA[object 0x6041:0]]></Comment><DataType>UINT</DataType></Entry><Entry><Index>#x6064</Index><SubIndex>0</SubIndex><BitLen>32</BitLen><Name>Position Actual Value</Name><Comment><![CDATA[object 0x6064:0]]></Comment><DataType>DINT</DataType></Entry><Entry><Index>#x606c</Index><SubIndex>0</SubIndex><BitLen>32</BitLen><Name>Velocity Actual Value</Name><Comment><![CDATA[object 0x606C:0]]></Comment><DataType>DINT</DataType></Entry><Entry><Index>#x6077</Index><SubIndex>0</SubIndex><BitLen>16</BitLen><Name>Torque Actual Value</Name><Comment><![CDATA[object 0x6077:0]]></Comment><DataType>INT</DataType></Entry><Entry><Index>#x60f4</Index><SubIndex>0</SubIndex><BitLen>32</BitLen><Name>Following error actual value</Name><Comment><![CDATA[object 0x60F4:0]]></Comment><DataType>DINT</DataType></Entry><Entry><Index>#x60b9</Index><SubIndex>0</SubIndex><BitLen>16</BitLen><Name>Touch probe status</Name><Comment><![CDATA[object 0x60B9:0]]></Comment><DataType>UINT</DataType></Entry><Entry><Index>#x603f</Index><SubIndex>0</SubIndex><BitLen>16</BitLen><Name>Error Code</Name><Comment><![CDATA[object 0x603F:0]]></Comment><DataType>UINT</DataType></Entry><Entry><Index>#x60fd</Index><SubIndex>0</SubIndex><BitLen>32</BitLen><Name>Digital Inputs</Name><Comment><![CDATA[object 0x60FD:0]]></Comment><DataType>UDINT</DataType></Entry></TxPdo><TxPdo Fixed="1"><Index>#x1a02</Index><Name>3rd txPDO Mapping</Name><Exclude>#x1a00</Exclude><Exclude>#x1a01</Exclude><Exclude>#x1a03</Exclude><Exclude>#x1a04</Exclude><Exclude>#x1b01</Exclude><Entry><Index>#x6041</Index><SubIndex>0</SubIndex><BitLen>16</BitLen><Name>Status Word</Name><Comment><![CDATA[object 0x6041:0]]></Comment><DataType>UINT</DataType></Entry><Entry><Index>#x606c</Index><SubIndex>0</SubIndex><BitLen>32</BitLen><Name>Velocity Actual Value</Name><Comment><![CDATA[object 0x606C:0]]></Comment><DataType>DINT</DataType></Entry><Entry><Index>#x603f</Index><SubIndex>0</SubIndex><BitLen>16</BitLen><Name>Error Code</Name><Comment><![CDATA[object 0x603F:0]]></Comment><DataType>UINT</DataType></Entry><Entry><Index>#x60fd</Index><SubIndex>0</SubIndex><BitLen>32</BitLen><Name>Digital Inputs</Name><Comment><![CDATA[object 0x60FD:0]]></Comment><DataType>UDINT</DataType></Entry></TxPdo><TxPdo Fixed="1"><Index>#x1a03</Index><Name>4th txPDO Mapping</Name><Exclude>#x1a00</Exclude><Exclude>#x1a01</Exclude><Exclude>#x1a02</Exclude><Exclude>#x1a04</Exclude><Exclude>#x1b01</Exclude><Entry><Index>#x6041</Index><SubIndex>0</SubIndex><BitLen>16</BitLen><Name>Status Word</Name><Comment><![CDATA[object 0x6041:0]]></Comment><DataType>UINT</DataType></Entry><Entry><Index>#x6077</Index><SubIndex>0</SubIndex><BitLen>16</BitLen><Name>Torque Actual Value</Name><Comment><![CDATA[object 0x6077:0]]></Comment><DataType>INT</DataType></Entry><Entry><Index>#x603f</Index><SubIndex>0</SubIndex><BitLen>16</BitLen><Name>Error Code</Name><Comment><![CDATA[object 0x603F:0]]></Comment><DataType>UINT</DataType></Entry><Entry><Index>#x60fd</Index><SubIndex>0</SubIndex><BitLen>32</BitLen><Name>Digital Inputs</Name><Comment><![CDATA[object 0x60FD:0]]></Comment><DataType>UDINT</DataType></Entry></TxPdo><TxPdo Fixed="1"><Index>#x1a04</Index><Name>5th txPDO Mapping</Name><Exclude>#x1a00</Exclude><Exclude>#x1a01</Exclude><Exclude>#x1a02</Exclude><Exclude>#x1a03</Exclude><Exclude>#x1b01</Exclude><Entry><Index>#x6041</Index><SubIndex>0</SubIndex><BitLen>16</BitLen><Name>Status Word</Name><Comment><![CDATA[object 0x6041:0]]></Comment><DataType>UINT</DataType></Entry><Entry><Index>#x6064</Index><SubIndex>0</SubIndex><BitLen>32</BitLen><Name>Position Actual Value</Name><Comment><![CDATA[object 0x6064:0]]></Comment><DataType>DINT</DataType></Entry><Entry><Index>#x603f</Index><SubIndex>0</SubIndex><BitLen>16</BitLen><Name>Error Code</Name><Comment><![CDATA[object 0x603F:0]]></Comment><DataType>UINT</DataType></Entry><Entry><Index>#x60fd</Index><SubIndex>0</SubIndex><BitLen>32</BitLen><Name>Digital Inputs</Name><Comment><![CDATA[object 0x60FD:0]]></Comment><DataType>UDINT</DataType></Entry></TxPdo><TxPdo Sm="3"><Index>#x1b01</Index><Name>User_txPDO Mapping</Name><Exclude>#x1a00</Exclude><Exclude>#x1a01</Exclude><Exclude>#x1a02</Exclude><Exclude>#x1a03</Exclude><Exclude>#x1a04</Exclude><Entry><Index>#x6041</Index><SubIndex>0</SubIndex><BitLen>16</BitLen><Name>Status Word</Name><Comment><![CDATA[object 0x6041:0]]></Comment><DataType>UINT</DataType></Entry><Entry><Index>#x6077</Index><SubIndex>0</SubIndex><BitLen>16</BitLen><Name>Torque Actual Value</Name><DataType>INT</DataType></Entry><Entry><Index>#x606c</Index><SubIndex>0</SubIndex><BitLen>32</BitLen><Name>Velocity Actual Value</Name><Comment><![CDATA[object 0x606C:0]]></Comment><DataType>DINT</DataType></Entry><Entry><Index>#x6064</Index><SubIndex>0</SubIndex><BitLen>32</BitLen><Name>Position Actual Value</Name><Comment><![CDATA[object 0x6064:0]]></Comment><DataType>DINT</DataType></Entry><Entry><Index>#x60f4</Index><SubIndex>0</SubIndex><BitLen>32</BitLen><Name>Following error actual value</Name><Comment><![CDATA[object 0x60F4:0]]></Comment><DataType>DINT</DataType></Entry><Entry><Index>#x603f</Index><SubIndex>0</SubIndex><BitLen>16</BitLen><Name>Error Code</Name><DataType>UINT</DataType></Entry><Entry><Index>#x6061</Index><SubIndex>0</SubIndex><BitLen>8</BitLen><Name>Modes of Operation Display</Name><DataType>SINT</DataType></Entry><Entry><Index>#x6061</Index><SubIndex>0</SubIndex><BitLen>8</BitLen><Name>---</Name><DataType>SINT</DataType></Entry></TxPdo><RxPdo Fixed="1"><Index>#x1600</Index><Name>1st rxPDO Mapping</Name><Exclude>#x1601</Exclude><Exclude>#x1602</Exclude><Exclude>#x1603</Exclude><Exclude>#x1604</Exclude><Exclude>#x1701</Exclude><Entry><Index>#x6040</Index><SubIndex>0</SubIndex><BitLen>16</BitLen><Name>Control Word</Name><Comment><![CDATA[object 0x6040:0]]></Comment><DataType>UINT</DataType></Entry><Entry><Index>#x607a</Index><SubIndex>0</SubIndex><BitLen>32</BitLen><Name>Target Position</Name><Comment><![CDATA[object 0x607A:0]]></Comment><DataType>DINT</DataType></Entry><Entry><Index>#x60ff</Index><SubIndex>0</SubIndex><BitLen>32</BitLen><Name>Target velocity</Name><Comment><![CDATA[object 0x60FF:0]]></Comment><DataType>DINT</DataType></Entry><Entry><Index>#x6071</Index><SubIndex>0</SubIndex><BitLen>16</BitLen><Name>Target Torque</Name><Comment><![CDATA[object 0x6071:0]]></Comment><DataType>INT</DataType></Entry><Entry><Index>#x6060</Index><SubIndex>0</SubIndex><BitLen>8</BitLen><Name>Modes of Operation</Name><Comment><![CDATA[object 0x6060:0]]></Comment><DataType>SINT</DataType></Entry><Entry><Index>#x0</Index><BitLen>8</BitLen><Comment><![CDATA[object 0x0000:0]]></Comment></Entry><Entry><Index>#x60b8</Index><SubIndex>0</SubIndex><BitLen>16</BitLen><Name>Touch probe function</Name><Comment><![CDATA[object 0x60B8:0]]></Comment><DataType>UINT</DataType></Entry></RxPdo><RxPdo Fixed="1"><Index>#x1601</Index><Name>2nd rxPDO Mapping</Name><Exclude>#x1600</Exclude><Exclude>#x1602</Exclude><Exclude>#x1603</Exclude><Exclude>#x1604</Exclude><Exclude>#x1701</Exclude><Entry><Index>#x6040</Index><SubIndex>0</SubIndex><BitLen>16</BitLen><Name>Control Word</Name><Comment><![CDATA[object 0x6040:0]]></Comment><DataType>UINT</DataType></Entry><Entry><Index>#x607a</Index><SubIndex>0</SubIndex><BitLen>32</BitLen><Name>Target Position</Name><Comment><![CDATA[object 0x607A:0]]></Comment><DataType>DINT</DataType></Entry></RxPdo><RxPdo Fixed="1"><Index>#x1602</Index><Name>3rd rxPDO Mapping</Name><Exclude>#x1600</Exclude><Exclude>#x1601</Exclude><Exclude>#x1603</Exclude><Exclude>#x1604</Exclude><Exclude>#x1701</Exclude><Entry><Index>#x6040</Index><SubIndex>0</SubIndex><BitLen>16</BitLen><Name>Control Word</Name><Comment><![CDATA[object 0x6040:0]]></Comment><DataType>UINT</DataType></Entry><Entry><Index>#x60ff</Index><SubIndex>0</SubIndex><BitLen>32</BitLen><Name>Target velocity</Name><Comment><![CDATA[object 0x60FF:0]]></Comment><DataType>DINT</DataType></Entry></RxPdo><RxPdo Fixed="1"><Index>#x1603</Index><Name>4th rxPDO Mapping</Name><Exclude>#x1600</Exclude><Exclude>#x1601</Exclude><Exclude>#x1602</Exclude><Exclude>#x1604</Exclude><Exclude>#x1701</Exclude><Entry><Index>#x6040</Index><SubIndex>0</SubIndex><BitLen>16</BitLen><Name>Control Word</Name><Comment><![CDATA[object 0x6040:0]]></Comment><DataType>UINT</DataType></Entry><Entry><Index>#x6071</Index><SubIndex>0</SubIndex><BitLen>16</BitLen><Name>Target Torque</Name><Comment><![CDATA[object 0x6071:0]]></Comment><DataType>INT</DataType></Entry></RxPdo><RxPdo Fixed="1"><Index>#x1604</Index><Name>5th rxPDO Mapping</Name><Exclude>#x1600</Exclude><Exclude>#x1601</Exclude><Exclude>#x1602</Exclude><Exclude>#x1603</Exclude><Exclude>#x1701</Exclude><Entry><Index>#x6040</Index><SubIndex>0</SubIndex><BitLen>16</BitLen><Name>Control Word</Name><Comment><![CDATA[object 0x6040:0]]></Comment><DataType>UINT</DataType></Entry></RxPdo><RxPdo Sm="2"><Index>#x1701</Index><Name>User_rxPDO_Mapping</Name><Exclude>#x1600</Exclude><Exclude>#x1601</Exclude><Exclude>#x1602</Exclude><Exclude>#x1603</Exclude><Exclude>#x1604</Exclude><Entry><Index>#x6040</Index><SubIndex>0</SubIndex><BitLen>16</BitLen><Name>Control Word</Name><Comment><![CDATA[object 0x6040:0]]></Comment><DataType>UINT</DataType></Entry><Entry><Index>#x6071</Index><SubIndex>0</SubIndex><BitLen>16</BitLen><Name>Target Torque</Name><DataType>INT</DataType></Entry><Entry><Index>#x60ff</Index><SubIndex>0</SubIndex><BitLen>32</BitLen><Name>Target Velocity</Name><DataType>DINT</DataType></Entry><Entry><Index>#x607a</Index><SubIndex>0</SubIndex><BitLen>32</BitLen><Name>Target Position</Name><Comment><![CDATA[object 0x607A:0]]></Comment><DataType>DINT</DataType></Entry><Entry><Index>#x5011</Index><SubIndex>0</SubIndex><BitLen>32</BitLen><Name>Profile velocity</Name><DataType>DINT</DataType></Entry><Entry><Index>#x5011</Index><SubIndex>0</SubIndex><BitLen>32</BitLen><Name>Velocity Offset</Name><DataType>DINT</DataType></Entry><Entry><Index>#x5030</Index><SubIndex>0</SubIndex><BitLen>16</BitLen><Name>Torque Offset</Name><DataType>UINT</DataType></Entry><Entry><Index>#x5030</Index><SubIndex>0</SubIndex><BitLen>16</BitLen><Name>---</Name><DataType>UINT</DataType></Entry></RxPdo></ProcessData><Mailbox DataLinkLayer="true"><Send><Start>5632</Start><Length>268</Length></Send><Recv><Start>5120</Start><Length>268</Length><StatusBitAddr>1</StatusBitAddr></Recv><BootStrap><Send><Start>5632</Start><Length>268</Length></Send><Recv><Start>5120</Start><Length>268</Length></Recv></BootStrap><Protocol>CoE</Protocol><Protocol>FoE</Protocol><CoE><InitCmds><InitCmd Fixed="1"><Transition>PS</Transition><Comment><![CDATA[clear sm pdos (0x1C12)]]></Comment><Timeout>0</Timeout><Ccs>1</Ccs><Index>7186</Index><SubIndex>0</SubIndex><Data>00</Data></InitCmd><InitCmd Fixed="1"><Transition>PS</Transition><Comment><![CDATA[clear sm pdos (0x1C13)]]></Comment><Timeout>0</Timeout><Ccs>1</Ccs><Index>7187</Index><SubIndex>0</SubIndex><Data>00</Data></InitCmd><InitCmd Fixed="1"><Transition>PS</Transition><Comment><![CDATA[clear pdo 0x1B01 entries]]></Comment><Timeout>0</Timeout><Ccs>1</Ccs><Index>6913</Index><SubIndex>0</SubIndex><Data>00</Data></InitCmd><InitCmd Fixed="1"><Transition>PS</Transition><Comment><![CDATA[download pdo 0x1B01 entry]]></Comment><Timeout>0</Timeout><Ccs>1</Ccs><Index>6913</Index><SubIndex>1</SubIndex><Data>10004160</Data></InitCmd><InitCmd Fixed="1"><Transition>PS</Transition><Comment><![CDATA[download pdo 0x1B01 entry]]></Comment><Timeout>0</Timeout><Ccs>1</Ccs><Index>6913</Index><SubIndex>2</SubIndex><Data>10007760</Data></InitCmd><InitCmd Fixed="1"><Transition>PS</Transition><Comment><![CDATA[download pdo 0x1B01 entry]]></Comment><Timeout>0</Timeout><Ccs>1</Ccs><Index>6913</Index><SubIndex>3</SubIndex><Data>20006c60</Data></InitCmd><InitCmd Fixed="1"><Transition>PS</Transition><Comment><![CDATA[download pdo 0x1B01 entry]]></Comment><Timeout>0</Timeout><Ccs>1</Ccs><Index>6913</Index><SubIndex>4</SubIndex><Data>20006460</Data></InitCmd><InitCmd Fixed="1"><Transition>PS</Transition><Comment><![CDATA[download pdo 0x1B01 entry]]></Comment><Timeout>0</Timeout><Ccs>1</Ccs><Index>6913</Index><SubIndex>5</SubIndex><Data>2000f460</Data></InitCmd><InitCmd Fixed="1"><Transition>PS</Transition><Comment><![CDATA[download pdo 0x1B01 entry]]></Comment><Timeout>0</Timeout><Ccs>1</Ccs><Index>6913</Index><SubIndex>6</SubIndex><Data>10003f60</Data></InitCmd><InitCmd Fixed="1"><Transition>PS</Transition><Comment><![CDATA[download pdo 0x1B01 entry]]></Comment><Timeout>0</Timeout><Ccs>1</Ccs><Index>6913</Index><SubIndex>7</SubIndex><Data>08006160</Data></InitCmd><InitCmd Fixed="1"><Transition>PS</Transition><Comment><![CDATA[download pdo 0x1B01 entry]]></Comment><Timeout>0</Timeout><Ccs>1</Ccs><Index>6913</Index><SubIndex>8</SubIndex><Data>08006160</Data></InitCmd><InitCmd Fixed="1"><Transition>PS</Transition><Comment><![CDATA[download pdo 0x1B01 entry count]]></Comment><Timeout>0</Timeout><Ccs>1</Ccs><Index>6913</Index><SubIndex>0</SubIndex><Data>08</Data></InitCmd><InitCmd Fixed="1"><Transition>PS</Transition><Comment><![CDATA[clear pdo 0x1701 entries]]></Comment><Timeout>0</Timeout><Ccs>1</Ccs><Index>5889</Index><SubIndex>0</SubIndex><Data>00</Data></InitCmd><InitCmd Fixed="1"><Transition>PS</Transition><Comment><![CDATA[download pdo 0x1701 entry]]></Comment><Timeout>0</Timeout><Ccs>1</Ccs><Index>5889</Index><SubIndex>1</SubIndex><Data>10004060</Data></InitCmd><InitCmd Fixed="1"><Transition>PS</Transition><Comment><![CDATA[download pdo 0x1701 entry]]></Comment><Timeout>0</Timeout><Ccs>1</Ccs><Index>5889</Index><SubIndex>2</SubIndex><Data>10007160</Data></InitCmd><InitCmd Fixed="1"><Transition>PS</Transition><Comment><![CDATA[download pdo 0x1701 entry]]></Comment><Timeout>0</Timeout><Ccs>1</Ccs><Index>5889</Index><SubIndex>3</SubIndex><Data>2000ff60</Data></InitCmd><InitCmd Fixed="1"><Transition>PS</Transition><Comment><![CDATA[download pdo 0x1701 entry]]></Comment><Timeout>0</Timeout><Ccs>1</Ccs><Index>5889</Index><SubIndex>4</SubIndex><Data>20007a60</Data></InitCmd><InitCmd Fixed="1"><Transition>PS</Transition><Comment><![CDATA[download pdo 0x1701 entry]]></Comment><Timeout>0</Timeout><Ccs>1</Ccs><Index>5889</Index><SubIndex>5</SubIndex><Data>20001150</Data></InitCmd><InitCmd Fixed="1"><Transition>PS</Transition><Comment><![CDATA[download pdo 0x1701 entry]]></Comment><Timeout>0</Timeout><Ccs>1</Ccs><Index>5889</Index><SubIndex>6</SubIndex><Data>20001150</Data></InitCmd><InitCmd Fixed="1"><Transition>PS</Transition><Comment><![CDATA[download pdo 0x1701 entry]]></Comment><Timeout>0</Timeout><Ccs>1</Ccs><Index>5889</Index><SubIndex>7</SubIndex><Data>10003050</Data></InitCmd><InitCmd Fixed="1"><Transition>PS</Transition><Comment><![CDATA[download pdo 0x1701 entry]]></Comment><Timeout>0</Timeout><Ccs>1</Ccs><Index>5889</Index><SubIndex>8</SubIndex><Data>10003050</Data></InitCmd><InitCmd Fixed="1"><Transition>PS</Transition><Comment><![CDATA[download pdo 0x1701 entry count]]></Comment><Timeout>0</Timeout><Ccs>1</Ccs><Index>5889</Index><SubIndex>0</SubIndex><Data>08</Data></InitCmd><InitCmd Fixed="1"><Transition>PS</Transition><Comment><![CDATA[download pdo 0x1C12:01 index]]></Comment><Timeout>0</Timeout><Ccs>1</Ccs><Index>7186</Index><SubIndex>1</SubIndex><Data>0117</Data></InitCmd><InitCmd Fixed="1"><Transition>PS</Transition><Comment><![CDATA[download pdo 0x1C12 count]]></Comment><Timeout>0</Timeout><Ccs>1</Ccs><Index>7186</Index><SubIndex>0</SubIndex><Data>01</Data></InitCmd><InitCmd Fixed="1"><Transition>PS</Transition><Comment><![CDATA[download pdo 0x1C13:01 index]]></Comment><Timeout>0</Timeout><Ccs>1</Ccs><Index>7187</Index><SubIndex>1</SubIndex><Data>011b</Data></InitCmd><InitCmd Fixed="1"><Transition>PS</Transition><Comment><![CDATA[download pdo 0x1C13 count]]></Comment><Timeout>0</Timeout><Ccs>1</Ccs><Index>7187</Index><SubIndex>0</SubIndex><Data>01</Data></InitCmd><InitCmd><Transition>PS</Transition><Timeout>0</Timeout><Ccs>1</Ccs><Index>24672</Index><SubIndex>0</SubIndex><Data>08</Data></InitCmd></InitCmds></CoE></Mailbox><InitCmds><InitCmd><Transition>PI</Transition><Transition>BI</Transition><Transition>SI</Transition><Transition>OI</Transition><Comment><![CDATA[set device state to INIT]]></Comment><Requires>cycle</Requires><Cmd>2</Cmd><Adp>65535</Adp><Ado>288</Ado><Data>1100</Data><Retries>3</Retries><Timeout>5000</Timeout></InitCmd><InitCmd><Transition>SI</Transition><Transition>OI</Transition><Comment><![CDATA[clear DC activation]]></Comment><Requires>cycle</Requires><Cmd>2</Cmd><Adp>65535</Adp><Ado>2432</Ado><Data>0000</Data><Retries>3</Retries></InitCmd><InitCmd><Transition>PI</Transition><Transition>SI</Transition><Transition>OI</Transition><Comment><![CDATA[check device state for INIT]]></Comment><Requires>cycle</Requires><Cmd>1</Cmd><Adp>65535</Adp><Ado>304</Ado><Data>0000</Data><Retries>3</Retries><Validate><Data>0100</Data><DataMask>0f00</DataMask><Timeout>5000</Timeout></Validate></InitCmd><InitCmd><Transition>BI</Transition><Comment><![CDATA[check device state for INIT]]></Comment><Requires>cycle</Requires><Cmd>1</Cmd><Adp>65535</Adp><Ado>304</Ado><Data>0000</Data><Retries>3</Retries><Validate><Data>0100</Data><DataMask>0f00</DataMask><Timeout>10000</Timeout></Validate></InitCmd><InitCmd><Transition>IP</Transition><Transition>IB</Transition><Comment><![CDATA[set device state to INIT]]></Comment><Requires>cycle</Requires><Cmd>2</Cmd><Adp>65535</Adp><Ado>288</Ado><Data>1100</Data><Cnt>1</Cnt><Retries>3</Retries><Timeout>3000</Timeout></InitCmd><InitCmd><Transition>IP</Transition><Transition>IB</Transition><Comment><![CDATA[check device state for INIT]]></Comment><Requires>cycle</Requires><Cmd>1</Cmd><Adp>65535</Adp><Ado>304</Ado><Data>0000</Data><Cnt>1</Cnt><Retries>3</Retries><Validate><Data>0100</Data><DataMask>0f00</DataMask><Timeout>3000</Timeout></Validate></InitCmd><InitCmd><Transition>IP</Transition><Comment><![CDATA[assign EEPROM to ECAT]]></Comment><Requires>cycle</Requires><Cmd>2</Cmd><Adp>65535</Adp><Ado>1280</Ado><Data>00</Data><Cnt>1</Cnt><Retries>3</Retries></InitCmd><InitCmd><Transition>IP</Transition><Comment><![CDATA[check vendor id]]></Comment><Cmd>2</Cmd><Adp>65535</Adp><Ado>1282</Ado><Data>000108000000</Data><Cnt>1</Cnt><Retries>3</Retries></InitCmd><InitCmd><Transition>IP</Transition><Comment><![CDATA[check vendor id]]></Comment><Requires>cycle</Requires><Cmd>1</Cmd><Adp>65535</Adp><Ado>1288</Ado><Data>00000000</Data><Cnt>1</Cnt><Retries>3</Retries><Validate><Data>3d030000</Data><Timeout>100</Timeout></Validate></InitCmd><InitCmd><Transition>IP</Transition><Comment><![CDATA[check product code]]></Comment><Cmd>2</Cmd><Adp>65535</Adp><Ado>1282</Ado><Data>00010a000000</Data><Cnt>1</Cnt><Retries>3</Retries></InitCmd><InitCmd><Transition>IP</Transition><Comment><![CDATA[check product code]]></Comment><Requires>cycle</Requires><Cmd>1</Cmd><Adp>65535</Adp><Ado>1288</Ado><Data>00000000</Data><Cnt>1</Cnt><Retries>3</Retries><Validate><Data>04000102</Data><Timeout>100</Timeout></Validate></InitCmd><InitCmd><Transition>IP</Transition><Transition>IB</Transition><Comment><![CDATA[set physical address]]></Comment><Requires>cycle</Requires><Cmd>2</Cmd><Adp>65535</Adp><Ado>16</Ado><Data>ea03</Data><Cnt>1</Cnt><Retries>3</Retries></InitCmd><InitCmd><Transition>IP</Transition><Transition>IB</Transition><Transition>PI</Transition><Transition>SI</Transition><Transition>OI</Transition><Comment><![CDATA[clear sm 0/1 (mailbox out/in)]]></Comment><Cmd>5</Cmd><Adp>1002</Adp><Ado>2048</Ado><Data>00000000000000000000000000000000</Data><Retries>3</Retries></InitCmd><InitCmd><Transition>BI</Transition><Comment><![CDATA[clear sm 0/1 (mailbox out/in)]]></Comment><Cmd>2</Cmd><Adp>65535</Adp><Ado>2048</Ado><Data>00000000000000000000000000000000</Data><Retries>3</Retries></InitCmd><InitCmd><Transition>IP</Transition><Comment><![CDATA[set sm 0 (mailbox out)]]></Comment><Cmd>5</Cmd><Adp>1002</Adp><Ado>2048</Ado><Data>00160c0126000100</Data><Cnt>1</Cnt><Retries>3</Retries></InitCmd><InitCmd><Transition>IP</Transition><Comment><![CDATA[set sm 1 (mailbox in)]]></Comment><Cmd>5</Cmd><Adp>1002</Adp><Ado>2056</Ado><Data>00140c0122000100</Data><Cnt>1</Cnt><Retries>3</Retries></InitCmd><InitCmd><Transition>IB</Transition><Comment><![CDATA[set sm 0 (bootstrap out)]]></Comment><Cmd>5</Cmd><Adp>1002</Adp><Ado>2048</Ado><Data>00160c0126000100</Data><Cnt>1</Cnt><Retries>3</Retries></InitCmd><InitCmd><Transition>IB</Transition><Comment><![CDATA[set sm 1 (bootstrap in)]]></Comment><Cmd>5</Cmd><Adp>1002</Adp><Ado>2056</Ado><Data>00140c0122000100</Data><Cnt>1</Cnt><Retries>3</Retries></InitCmd><InitCmd><Transition>PS</Transition><Comment><![CDATA[set DC cycle time]]></Comment><Requires>cycle</Requires><Cmd>5</Cmd><Adp>1002</Adp><Ado>2464</Ado><Data>40420f0000000000</Data><Cnt>1</Cnt><Retries>3</Retries></InitCmd><InitCmd><Transition>PS</Transition><Comment><![CDATA[set DC start time]]></Comment><Requires>cycle</Requires><Cmd>5</Cmd><Adp>1002</Adp><Ado>2448</Ado><Data>0000000000000000</Data><Cnt>1</Cnt><Retries>3</Retries></InitCmd><InitCmd><Transition>PS</Transition><Comment><![CDATA[set DC activation]]></Comment><Requires>cycle</Requires><Cmd>5</Cmd><Adp>1002</Adp><Ado>2432</Ado><Data>0003</Data><Cnt>1</Cnt><Retries>3</Retries></InitCmd><InitCmd><Transition>PS</Transition><Comment><![CDATA[set DC latch cfg]]></Comment><Requires>cycle</Requires><Cmd>5</Cmd><Adp>1002</Adp><Ado>2472</Ado><Data>0000</Data><Retries>3</Retries></InitCmd><InitCmd><Transition>IP</Transition><Transition>PP</Transition><Comment><![CDATA[clear DC activation]]></Comment><Requires>cycle</Requires><Cmd>5</Cmd><Adp>1002</Adp><Ado>2432</Ado><Data>0000</Data><Retries>3</Retries></InitCmd><InitCmd><Transition>SP</Transition><Transition>OP</Transition><Comment><![CDATA[set device state to PREOP]]></Comment><Requires>cycle</Requires><Cmd>5</Cmd><Adp>1002</Adp><Ado>288</Ado><Data>1200</Data><Retries>300</Retries><Timeout>5000</Timeout></InitCmd><InitCmd><Transition>IP</Transition><Transition>SP</Transition><Transition>SI</Transition><Transition>OP</Transition><Transition>OI</Transition><Comment><![CDATA[clear sms]]></Comment><Cmd>5</Cmd><Adp>1002</Adp><Ado>2064</Ado><DataLength>16</DataLength><Retries>3</Retries></InitCmd><InitCmd><Transition>PS</Transition><Comment><![CDATA[set sm 2 (outputs)]]></Comment><Cmd>5</Cmd><Adp>1002</Adp><Ado>2064</Ado><Data>0012180064000100</Data><Cnt>1</Cnt><Retries>3</Retries></InitCmd><InitCmd><Transition>PS</Transition><Comment><![CDATA[set sm 3 (inputs)]]></Comment><Cmd>5</Cmd><Adp>1002</Adp><Ado>2072</Ado><Data>0010140000000100</Data><Cnt>1</Cnt><Retries>3</Retries></InitCmd><InitCmd><Transition>IP</Transition><Transition>IB</Transition><Comment><![CDATA[set fmmu 0 (mailbox state)]]></Comment><Cmd>5</Cmd><Adp>1002</Adp><Ado>1536</Ado><Data>00000009010001010d08000101000000</Data><Cnt>1</Cnt><Retries>3</Retries></InitCmd><InitCmd><Transition>PS</Transition><Comment><![CDATA[set fmmu 1 (outputs)]]></Comment><Cmd>5</Cmd><Adp>1002</Adp><Ado>1552</Ado><Data>18000010180000070012000201000000</Data><Cnt>1</Cnt><Retries>3</Retries></InitCmd><InitCmd><Transition>PS</Transition><Comment><![CDATA[set fmmu 2 (inputs)]]></Comment><Cmd>5</Cmd><Adp>1002</Adp><Ado>1568</Ado><Data>18000010140000070010000101000000</Data><Cnt>1</Cnt><Retries>3</Retries></InitCmd><InitCmd><Transition>OS</Transition><Comment><![CDATA[set device state to SAFEOP]]></Comment><Requires>cycle</Requires><Cmd>5</Cmd><Adp>1002</Adp><Ado>288</Ado><Data>0400</Data><Retries>3</Retries><Timeout>200</Timeout></InitCmd><InitCmd><Transition>PI</Transition><Transition>BI</Transition><Transition>SI</Transition><Transition>OI</Transition><Comment><![CDATA[clear fmmu 0]]></Comment><Cmd>5</Cmd><Adp>1002</Adp><Ado>1536</Ado><Data>00000000000000000000000000000000</Data><Retries>3</Retries></InitCmd><InitCmd><Transition>SP</Transition><Transition>SI</Transition><Transition>OP</Transition><Transition>OI</Transition><Comment><![CDATA[clear fmmu 1]]></Comment><Cmd>5</Cmd><Adp>1002</Adp><Ado>1552</Ado><Data>00000000000000000000000000000000</Data><Retries>3</Retries></InitCmd><InitCmd><Transition>SP</Transition><Transition>SI</Transition><Transition>OP</Transition><Transition>OI</Transition><Comment><![CDATA[clear fmmu 2]]></Comment><Cmd>5</Cmd><Adp>1002</Adp><Ado>1568</Ado><Data>00000000000000000000000000000000</Data><Retries>3</Retries></InitCmd><InitCmd><Transition>SP</Transition><Transition>OP</Transition><Comment><![CDATA[clear DC activation]]></Comment><Requires>cycle</Requires><Cmd>5</Cmd><Adp>1002</Adp><Ado>2432</Ado><Data>0000</Data><Retries>3</Retries></InitCmd><InitCmd><Transition>SP</Transition><Transition>OP</Transition><Comment><![CDATA[check device state for PREOP]]></Comment><Requires>cycle</Requires><Cmd>4</Cmd><Adp>1002</Adp><Ado>304</Ado><Data>000000000000</Data><Retries>3</Retries><Validate><Data>020000000000</Data><DataMask>0f0000000000</DataMask><Timeout>5000</Timeout></Validate></InitCmd><InitCmd><Transition>IP</Transition><Transition>IB</Transition><Comment><![CDATA[assign EEPROM to PDI]]></Comment><Requires>cycle</Requires><Cmd>5</Cmd><Adp>1002</Adp><Ado>1280</Ado><Data>01</Data><Cnt>1</Cnt><Retries>3</Retries></InitCmd><InitCmd><Transition>II</Transition><Comment><![CDATA[assign EEPROM back to ECAT]]></Comment><Requires>cycle</Requires><Cmd>2</Cmd><Adp>65535</Adp><Ado>1280</Ado><Data>00</Data><Retries>3</Retries></InitCmd><InitCmd><Transition>IP</Transition><Comment><![CDATA[set device state to PREOP]]></Comment><Requires>cycle</Requires><Cmd>5</Cmd><Adp>1002</Adp><Ado>288</Ado><Data>1200</Data><Cnt>1</Cnt><Retries>300</Retries><Timeout>3000</Timeout></InitCmd><InitCmd><Transition>IP</Transition><Comment><![CDATA[check device state for PREOP]]></Comment><Requires>cycle</Requires><Cmd>4</Cmd><Adp>1002</Adp><Ado>304</Ado><Data>000000000000</Data><Cnt>1</Cnt><Retries>3</Retries><Validate><Data>020000000000</Data><DataMask>1f0000000000</DataMask><Timeout>3000</Timeout></Validate></InitCmd><InitCmd><Transition>IP</Transition><Transition>BI</Transition><Comment><![CDATA[assign EEPROM back to ECAT]]></Comment><Requires>cycle</Requires><Cmd>2</Cmd><Adp>65535</Adp><Ado>1280</Ado><Data>00</Data><Retries>3</Retries></InitCmd><InitCmd><Transition>IB</Transition><Comment><![CDATA[set device state to BOOT]]></Comment><Requires>cycle</Requires><Cmd>5</Cmd><Adp>1002</Adp><Ado>288</Ado><Data>1300</Data><Cnt>1</Cnt><Retries>3</Retries><Timeout>3000</Timeout></InitCmd><InitCmd><Transition>IB</Transition><Comment><![CDATA[check device state for BOOT]]></Comment><Requires>cycle</Requires><Cmd>4</Cmd><Adp>1002</Adp><Ado>304</Ado><Data>000000000000</Data><Cnt>1</Cnt><Retries>3</Retries><Validate><Data>030000000000</Data><DataMask>1f0000000000</DataMask><Timeout>3000</Timeout></Validate></InitCmd><InitCmd><Transition>PS</Transition><Comment><![CDATA[set device state to SAFEOP]]></Comment><Requires>cycle</Requires><Cmd>5</Cmd><Adp>1002</Adp><Ado>288</Ado><Data>0400</Data><Cnt>1</Cnt><Retries>3</Retries><Timeout>10000</Timeout></InitCmd><InitCmd><Transition>PS</Transition><Comment><![CDATA[check device state for SAFEOP]]></Comment><Requires>cycle</Requires><Cmd>4</Cmd><Adp>1002</Adp><Ado>304</Ado><Data>000000000000</Data><Cnt>1</Cnt><Retries>3</Retries><Validate><Data>040000000000</Data><DataMask>1f0000000000</DataMask><Timeout>10000</Timeout></Validate></InitCmd><InitCmd><Transition>OS</Transition><Comment><![CDATA[check device state for SAFEOP]]></Comment><Requires>cycle</Requires><Cmd>4</Cmd><Adp>1002</Adp><Ado>304</Ado><Data>000000000000</Data><Retries>3</Retries><Validate><Data>040000000000</Data><DataMask>0f0000000000</DataMask><Timeout>200</Timeout></Validate></InitCmd><InitCmd><Transition>SO</Transition><Comment><![CDATA[set device state to OP]]></Comment><Requires>cycle</Requires><Cmd>5</Cmd><Adp>1002</Adp><Ado>288</Ado><Data>0800</Data><Cnt>1</Cnt><Retries>3</Retries><Timeout>10000</Timeout></InitCmd><InitCmd><Transition>SO</Transition><Comment><![CDATA[check device state for OP]]></Comment><Requires>cycle</Requires><Cmd>4</Cmd><Adp>1002</Adp><Ado>304</Ado><Data>000000000000</Data><Cnt>1</Cnt><Retries>3</Retries><Validate><Data>080000000000</Data><DataMask>1f0000000000</DataMask><Timeout>10000</Timeout></Validate></InitCmd></InitCmds><PreviousPort Selected="1"><Port>B</Port><PhysAddr>1001</PhysAddr></PreviousPort><DC><PotentialReferenceClock>0</PotentialReferenceClock><ReferenceClock>0</ReferenceClock><CycleTime0>1000000</CycleTime0><CycleTime1>0</CycleTime1><ShiftTime>0</ShiftTime></DC></Slave><Cyclic><CycleTime>1000</CycleTime><Frame><Cmd><State>PREOP</State><State>SAFEOP</State><State>OP</State><Comment><![CDATA[MISC; BRD; AL Status Register]]></Comment><Cmd>7</Cmd><Adp>0</Adp><Ado>304</Ado><DataLength>2</DataLength><Cnt>2</Cnt><InputOffs>48</InputOffs><OutputOffs>48</OutputOffs></Cmd><Cmd><State>PREOP</State><State>SAFEOP</State><State>OP</State><Comment><![CDATA[DC; NOP; Receive Time Port 1 Register]]></Comment><Cmd>0</Cmd><Adp>0</Adp><Ado>2304</Ado><DataLength>4</DataLength><InputOffs>50</InputOffs><OutputOffs>50</OutputOffs></Cmd><Cmd><State>PREOP</State><State>SAFEOP</State><State>OP</State><Comment><![CDATA[DC; ARMW; System Time Register]]></Comment><Cmd>13</Cmd><Adp>0</Adp><Ado>2320</Ado><DataLength>4</DataLength><InputOffs>54</InputOffs><OutputOffs>54</OutputOffs></Cmd><Cmd><State>PREOP</State><State>SAFEOP</State><State>OP</State><Comment><![CDATA[DC; APWR; System Time Register (Bus-Shift)]]></Comment><Cmd>2</Cmd><Adp>0</Adp><Ado>2320</Ado><DataLength>4</DataLength><InputOffs>58</InputOffs><OutputOffs>58</OutputOffs></Cmd><Cmd><State>PREOP</State><State>SAFEOP</State><State>OP</State><Comment><![CDATA[MISC; LRD; Poll Mailbox State]]></Comment><Cmd>10</Cmd><Addr>150994944</Addr><DataLength>2</DataLength><InputOffs>62</InputOffs><OutputOffs>62</OutputOffs></Cmd><!-- MSU Id 0: Default 0 --><Cmd><State>SAFEOP</State><State>OP</State><Comment><![CDATA[PD; LRW;]]></Comment><Cmd>12</Cmd><Addr>268435456</Addr><DataLength>48</DataLength><Cnt>6</Cnt><InputOffs>0</InputOffs><OutputOffs>0</OutputOffs></Cmd></Frame></Cyclic><ProcessImage><Inputs><ByteSize>64</ByteSize><Variable><Name>Slave_1001 [CSD7_08BN1].User_txPDO Mapping.Status Word</Name><Comment>object 0x6041:0</Comment><DataType>UINT</DataType><BitSize>16</BitSize><BitOffs>0</BitOffs></Variable><Variable><Name>Slave_1001 [CSD7_08BN1].User_txPDO Mapping.Torque Actual Value</Name><DataType>INT</DataType><BitSize>16</BitSize><BitOffs>16</BitOffs></Variable><Variable><Name>Slave_1001 [CSD7_08BN1].User_txPDO Mapping.Velocity Actual Value</Name><Comment>object 0x606C:0</Comment><DataType>DINT</DataType><BitSize>32</BitSize><BitOffs>32</BitOffs></Variable><Variable><Name>Slave_1001 [CSD7_08BN1].User_txPDO Mapping.Position Actual Value</Name><Comment>object 0x6064:0</Comment><DataType>DINT</DataType><BitSize>32</BitSize><BitOffs>64</BitOffs></Variable><Variable><Name>Slave_1001 [CSD7_08BN1].User_txPDO Mapping.Following error actual value</Name><Comment>object 0x60F4:0</Comment><DataType>DINT</DataType><BitSize>32</BitSize><BitOffs>96</BitOffs></Variable><Variable><Name>Slave_1001 [CSD7_08BN1].User_txPDO Mapping.Error Code</Name><DataType>UINT</DataType><BitSize>16</BitSize><BitOffs>128</BitOffs></Variable><Variable><Name>Slave_1001 [CSD7_08BN1].User_txPDO Mapping.Modes of Operation Display</Name><DataType>SINT</DataType><BitSize>8</BitSize><BitOffs>144</BitOffs></Variable><Variable><Name>Slave_1001 [CSD7_08BN1].User_txPDO Mapping.---</Name><DataType>USINT</DataType><BitSize>8</BitSize><BitOffs>152</BitOffs></Variable><Variable><Name>Slave_1002 [CSD7_08BN1].User_txPDO Mapping.Status Word</Name><Comment>object 0x6041:0</Comment><DataType>UINT</DataType><BitSize>16</BitSize><BitOffs>192</BitOffs></Variable><Variable><Name>Slave_1002 [CSD7_08BN1].User_txPDO Mapping.Torque Actual Value</Name><DataType>INT</DataType><BitSize>16</BitSize><BitOffs>208</BitOffs></Variable><Variable><Name>Slave_1002 [CSD7_08BN1].User_txPDO Mapping.Velocity Actual Value</Name><Comment>object 0x606C:0</Comment><DataType>DINT</DataType><BitSize>32</BitSize><BitOffs>224</BitOffs></Variable><Variable><Name>Slave_1002 [CSD7_08BN1].User_txPDO Mapping.Position Actual Value</Name><Comment>object 0x6064:0</Comment><DataType>DINT</DataType><BitSize>32</BitSize><BitOffs>256</BitOffs></Variable><Variable><Name>Slave_1002 [CSD7_08BN1].User_txPDO Mapping.Following error actual value</Name><Comment>object 0x60F4:0</Comment><DataType>DINT</DataType><BitSize>32</BitSize><BitOffs>288</BitOffs></Variable><Variable><Name>Slave_1002 [CSD7_08BN1].User_txPDO Mapping.Error Code</Name><DataType>UINT</DataType><BitSize>16</BitSize><BitOffs>320</BitOffs></Variable><Variable><Name>Slave_1002 [CSD7_08BN1].User_txPDO Mapping.Modes of Operation Display</Name><DataType>SINT</DataType><BitSize>8</BitSize><BitOffs>336</BitOffs></Variable><Variable><Name>Slave_1002 [CSD7_08BN1].User_txPDO Mapping.---</Name><DataType>SINT</DataType><BitSize>8</BitSize><BitOffs>344</BitOffs></Variable></Inputs><Outputs><ByteSize>64</ByteSize><Variable><Name>Slave_1001 [CSD7_08BN1].User_rxPDO_Mapping.Control Word</Name><Comment>object 0x6040:0</Comment><DataType>UINT</DataType><BitSize>16</BitSize><BitOffs>0</BitOffs></Variable><Variable><Name>Slave_1001 [CSD7_08BN1].User_rxPDO_Mapping.Target Torque</Name><DataType>INT</DataType><BitSize>16</BitSize><BitOffs>16</BitOffs></Variable><Variable><Name>Slave_1001 [CSD7_08BN1].User_rxPDO_Mapping.Target Velocity</Name><DataType>DINT</DataType><BitSize>32</BitSize><BitOffs>32</BitOffs></Variable><Variable><Name>Slave_1001 [CSD7_08BN1].User_rxPDO_Mapping.Target Position</Name><Comment>object 0x607A:0</Comment><DataType>DINT</DataType><BitSize>32</BitSize><BitOffs>64</BitOffs></Variable><Variable><Name>Slave_1001 [CSD7_08BN1].User_rxPDO_Mapping.Profile velocity</Name><DataType>DINT</DataType><BitSize>32</BitSize><BitOffs>96</BitOffs></Variable><Variable><Name>Slave_1001 [CSD7_08BN1].User_rxPDO_Mapping.Velocity Offset</Name><DataType>DINT</DataType><BitSize>32</BitSize><BitOffs>128</BitOffs></Variable><Variable><Name>Slave_1001 [CSD7_08BN1].User_rxPDO_Mapping.Torque Offset</Name><DataType>UINT</DataType><BitSize>16</BitSize><BitOffs>160</BitOffs></Variable><Variable><Name>Slave_1001 [CSD7_08BN1].User_rxPDO_Mapping.---</Name><DataType>UINT</DataType><BitSize>16</BitSize><BitOffs>176</BitOffs></Variable><Variable><Name>Slave_1002 [CSD7_08BN1].User_rxPDO_Mapping.Control Word</Name><Comment>object 0x6040:0</Comment><DataType>UINT</DataType><BitSize>16</BitSize><BitOffs>192</BitOffs></Variable><Variable><Name>Slave_1002 [CSD7_08BN1].User_rxPDO_Mapping.Target Torque</Name><DataType>INT</DataType><BitSize>16</BitSize><BitOffs>208</BitOffs></Variable><Variable><Name>Slave_1002 [CSD7_08BN1].User_rxPDO_Mapping.Target Velocity</Name><DataType>DINT</DataType><BitSize>32</BitSize><BitOffs>224</BitOffs></Variable><Variable><Name>Slave_1002 [CSD7_08BN1].User_rxPDO_Mapping.Target Position</Name><Comment>object 0x607A:0</Comment><DataType>DINT</DataType><BitSize>32</BitSize><BitOffs>256</BitOffs></Variable><Variable><Name>Slave_1002 [CSD7_08BN1].User_rxPDO_Mapping.Profile velocity</Name><DataType>DINT</DataType><BitSize>32</BitSize><BitOffs>288</BitOffs></Variable><Variable><Name>Slave_1002 [CSD7_08BN1].User_rxPDO_Mapping.Velocity Offset</Name><DataType>DINT</DataType><BitSize>32</BitSize><BitOffs>320</BitOffs></Variable><Variable><Name>Slave_1002 [CSD7_08BN1].User_rxPDO_Mapping.Torque Offset</Name><DataType>UINT</DataType><BitSize>16</BitSize><BitOffs>352</BitOffs></Variable><Variable><Name>Slave_1002 [CSD7_08BN1].User_rxPDO_Mapping.---</Name><DataType>UINT</DataType><BitSize>16</BitSize><BitOffs>368</BitOffs></Variable></Outputs></ProcessImage></Config></EtherCATConfig>