<?xml version="1.0" encoding="ISO-8859-1"?>
<EtherCATConfig xmlns:xsi="http://www.w3.org/2001/XMLSchema-instance" xsi:noNamespaceSchemaLocation="EtherCATConfig.xsd" Version="1.3"><Config><Master><Info><Name><![CDATA[Device 3 (EtherCAT)]]></Name><Destination>010105010000</Destination><Source>001517126bce</Source><EtherType>a488</EtherType></Info><InitCmds><InitCmd><Transition>IP</Transition><BeforeSlave>1</BeforeSlave><Comment><![CDATA[read slave count]]></Comment><Requires>cycle</Requires><Cmd>7</Cmd><Adp>0</Adp><Ado>304</Ado><Data>0000</Data><Retries>0</Retries></InitCmd><InitCmd><Transition>IP</Transition><BeforeSlave>1</BeforeSlave><Comment><![CDATA[read slave count]]></Comment><Requires>cycle</Requires><Cmd>7</Cmd><Adp>0</Adp><Ado>304</Ado><Data>0000</Data><Retries>0</Retries></InitCmd><InitCmd><Transition>IP</Transition><BeforeSlave>1</BeforeSlave><Comment><![CDATA[enable ECAT IRQ]]></Comment><Requires>cycle</Requires><Cmd>8</Cmd><Adp>0</Adp><Ado>512</Ado><Data>0400</Data><Retries>3</Retries></InitCmd><InitCmd><Transition>IP</Transition><BeforeSlave>1</BeforeSlave><Comment><![CDATA[clear configured addresses]]></Comment><Requires>cycle</Requires><Cmd>8</Cmd><Adp>0</Adp><Ado>16</Ado><Data>0000</Data><Retries>3</Retries></InitCmd><InitCmd><Transition>IP</Transition><BeforeSlave>1</BeforeSlave><Comment><![CDATA[clear crc register]]></Comment><Requires>cycle</Requires><Cmd>8</Cmd><Adp>0</Adp><Ado>768</Ado><Data>0000000000000000</Data><Retries>3</Retries></InitCmd><InitCmd><Transition>IP</Transition><Transition>PI</Transition><Transition>BI</Transition><Transition>SI</Transition><Transition>OI</Transition><BeforeSlave>1</BeforeSlave><Comment><![CDATA[clear fmmu]]></Comment><Requires>cycle</Requires><Cmd>8</Cmd><Adp>0</Adp><Ado>1536</Ado><DataLength>256</DataLength><Retries>3</Retries></InitCmd><InitCmd><Transition>IP</Transition><BeforeSlave>1</BeforeSlave><Comment><![CDATA[clear sm]]></Comment><Requires>cycle</Requires><Cmd>8</Cmd><Adp>0</Adp><Ado>2048</Ado><DataLength>256</DataLength><Retries>3</Retries></InitCmd><InitCmd><Transition>IP</Transition><BeforeSlave>1</BeforeSlave><Comment><![CDATA[clear dc system time]]></Comment><Requires>cycle</Requires><Cmd>8</Cmd><Adp>0</Adp><Ado>2320</Ado><DataLength>32</DataLength><Retries>3</Retries></InitCmd><InitCmd><Transition>IP</Transition><BeforeSlave>1</BeforeSlave><Comment><![CDATA[clear dc cycle cfg]]></Comment><Requires>cycle</Requires><Cmd>8</Cmd><Adp>0</Adp><Ado>2433</Ado><Data>00</Data><Retries>3</Retries></InitCmd><InitCmd><Transition>IP</Transition><BeforeSlave>1</BeforeSlave><Comment><![CDATA[reset dc speed]]></Comment><Requires>cycle</Requires><Cmd>8</Cmd><Adp>0</Adp><Ado>2352</Ado><Data>0010</Data><Retries>3</Retries></InitCmd><InitCmd><Transition>IP</Transition><BeforeSlave>1</BeforeSlave><Comment><![CDATA[configure dc filter]]></Comment><Requires>cycle</Requires><Cmd>8</Cmd><Adp>0</Adp><Ado>2356</Ado><Data>000c</Data><Retries>3</Retries></InitCmd><InitCmd><Transition>IP</Transition><BeforeSlave>1</BeforeSlave><Comment><![CDATA[en/disable second physical address]]></Comment><Requires>cycle</Requires><Cmd>8</Cmd><Adp>0</Adp><Ado>259</Ado><Data>00</Data><Retries>3</Retries></InitCmd></InitCmds></Master><Slave><Info><Name><![CDATA[Term 1 (EK1100)]]></Name><PhysAddr>1001</PhysAddr><AutoIncAddr>0</AutoIncAddr><Physics>YKY</Physics><VendorId>2</VendorId><ProductCode>72100946</ProductCode><RevisionNo>1048576</RevisionNo><SerialNo>0</SerialNo><ProductRevision>EK1100-0000-0016</ProductRevision></Info><InitCmds><InitCmd><Transition>PI</Transition><Transition>BI</Transition><Transition>SI</Transition><Transition>OI</Transition><Comment><![CDATA[set device state to INIT]]></Comment><Requires>cycle</Requires><Cmd>2</Cmd><Adp>0</Adp><Ado>288</Ado><Data>0100</Data><Retries>3</Retries></InitCmd><InitCmd><Transition>PI</Transition><Transition>SI</Transition><Transition>OI</Transition><Comment><![CDATA[check device state for INIT]]></Comment><Requires>cycle</Requires><Cmd>1</Cmd><Adp>0</Adp><Ado>304</Ado><Data>0000</Data><Retries>3</Retries><Validate><Data>0100</Data><DataMask>0f00</DataMask><Timeout>5000</Timeout></Validate></InitCmd><InitCmd><Transition>BI</Transition><Comment><![CDATA[check device state for INIT]]></Comment><Requires>cycle</Requires><Cmd>1</Cmd><Adp>0</Adp><Ado>304</Ado><Data>0000</Data><Retries>3</Retries><Validate><Data>0100</Data><DataMask>0f00</DataMask><Timeout>10000</Timeout></Validate></InitCmd><InitCmd><Transition>IP</Transition><Transition>IB</Transition><Comment><![CDATA[set device state to INIT]]></Comment><Requires>cycle</Requires><Cmd>2</Cmd><Adp>0</Adp><Ado>288</Ado><Data>0100</Data><Cnt>1</Cnt><Retries>3</Retries></InitCmd><InitCmd><Transition>IP</Transition><Transition>IB</Transition><Comment><![CDATA[check device state for INIT]]></Comment><Requires>cycle</Requires><Cmd>1</Cmd><Adp>0</Adp><Ado>304</Ado><Data>0000</Data><Cnt>1</Cnt><Retries>3</Retries><Validate><Data>0100</Data><DataMask>0f00</DataMask><Timeout>3000</Timeout></Validate></InitCmd><InitCmd><Transition>IP</Transition><Comment><![CDATA[assign EEPROM to ECAT]]></Comment><Requires>cycle</Requires><Cmd>2</Cmd><Adp>0</Adp><Ado>1280</Ado><Data>00</Data><Cnt>1</Cnt><Retries>3</Retries></InitCmd><InitCmd><Transition>IP</Transition><Comment><![CDATA[check vendor id]]></Comment><Cmd>2</Cmd><Adp>0</Adp><Ado>1282</Ado><Data>000108000000</Data><Cnt>1</Cnt><Retries>3</Retries></InitCmd><InitCmd><Transition>IP</Transition><Comment><![CDATA[check vendor id]]></Comment><Requires>cycle</Requires><Cmd>1</Cmd><Adp>0</Adp><Ado>1288</Ado><Data>00000000</Data><Cnt>1</Cnt><Retries>3</Retries><Validate><Data>02000000</Data><Timeout>100</Timeout></Validate></InitCmd><InitCmd><Transition>IP</Transition><Comment><![CDATA[check product code]]></Comment><Cmd>2</Cmd><Adp>0</Adp><Ado>1282</Ado><Data>00010a000000</Data><Cnt>1</Cnt><Retries>3</Retries></InitCmd><InitCmd><Transition>IP</Transition><Comment><![CDATA[check product code]]></Comment><Requires>cycle</Requires><Cmd>1</Cmd><Adp>0</Adp><Ado>1288</Ado><Data>00000000</Data><Cnt>1</Cnt><Retries>3</Retries><Validate><Data>522c4c04</Data><Timeout>100</Timeout></Validate></InitCmd><InitCmd><Transition>IP</Transition><Transition>IB</Transition><Comment><![CDATA[set physical address]]></Comment><Requires>cycle</Requires><Cmd>2</Cmd><Adp>0</Adp><Ado>16</Ado><Data>e903</Data><Cnt>1</Cnt><Retries>3</Retries></InitCmd><InitCmd><Transition>SP</Transition><Transition>OP</Transition><Comment><![CDATA[set device state to PREOP]]></Comment><Requires>cycle</Requires><Cmd>5</Cmd><Adp>1001</Adp><Ado>288</Ado><Data>0200</Data><Retries>300</Retries></InitCmd><InitCmd><Transition>OS</Transition><Comment><![CDATA[set device state to SAFEOP]]></Comment><Requires>cycle</Requires><Cmd>5</Cmd><Adp>1001</Adp><Ado>288</Ado><Data>0400</Data><Retries>3</Retries></InitCmd><InitCmd><Transition>SP</Transition><Transition>OP</Transition><Comment><![CDATA[check device state for PREOP]]></Comment><Requires>cycle</Requires><Cmd>4</Cmd><Adp>1001</Adp><Ado>304</Ado><Data>000000000000</Data><Retries>3</Retries><Validate><Data>020000000000</Data><DataMask>0f0000000000</DataMask><Timeout>5000</Timeout></Validate></InitCmd><InitCmd><Transition>IP</Transition><Transition>IB</Transition><Comment><![CDATA[assign EEPROM to PDI]]></Comment><Requires>cycle</Requires><Cmd>5</Cmd><Adp>1001</Adp><Ado>1280</Ado><Data>01</Data><Cnt>1</Cnt><Retries>3</Retries></InitCmd><InitCmd><Transition>II</Transition><Comment><![CDATA[assign EEPROM back to ECAT]]></Comment><Requires>cycle</Requires><Cmd>2</Cmd><Adp>0</Adp><Ado>1280</Ado><Data>00</Data><Retries>3</Retries></InitCmd><InitCmd><Transition>IP</Transition><Comment><![CDATA[set device state to PREOP]]></Comment><Requires>cycle</Requires><Cmd>5</Cmd><Adp>1001</Adp><Ado>288</Ado><Data>0200</Data><Cnt>1</Cnt><Retries>300</Retries></InitCmd><InitCmd><Transition>IP</Transition><Comment><![CDATA[check device state for PREOP]]></Comment><Requires>cycle</Requires><Cmd>4</Cmd><Adp>1001</Adp><Ado>304</Ado><Data>000000000000</Data><Cnt>1</Cnt><Retries>3</Retries><Validate><Data>020000000000</Data><DataMask>1f0000000000</DataMask><Timeout>3000</Timeout></Validate></InitCmd><InitCmd><Transition>IP</Transition><Transition>BI</Transition><Comment><![CDATA[assign EEPROM back to ECAT]]></Comment><Requires>cycle</Requires><Cmd>2</Cmd><Adp>0</Adp><Ado>1280</Ado><Data>00</Data><Retries>3</Retries></InitCmd><InitCmd><Transition>IB</Transition><Comment><![CDATA[set device state to BOOT]]></Comment><Requires>cycle</Requires><Cmd>5</Cmd><Adp>1001</Adp><Ado>288</Ado><Data>0300</Data><Cnt>1</Cnt><Retries>3</Retries></InitCmd><InitCmd><Transition>IB</Transition><Comment><![CDATA[check device state for BOOT]]></Comment><Requires>cycle</Requires><Cmd>4</Cmd><Adp>1001</Adp><Ado>304</Ado><Data>000000000000</Data><Cnt>1</Cnt><Retries>3</Retries><Validate><Data>030000000000</Data><DataMask>1f0000000000</DataMask><Timeout>3000</Timeout></Validate></InitCmd><InitCmd><Transition>PS</Transition><Comment><![CDATA[set device state to SAFEOP]]></Comment><Requires>cycle</Requires><Cmd>5</Cmd><Adp>1001</Adp><Ado>288</Ado><Data>0400</Data><Cnt>1</Cnt><Retries>3</Retries></InitCmd><InitCmd><Transition>PS</Transition><Comment><![CDATA[check device state for SAFEOP]]></Comment><Requires>cycle</Requires><Cmd>4</Cmd><Adp>1001</Adp><Ado>304</Ado><Data>000000000000</Data><Cnt>1</Cnt><Retries>3</Retries><Validate><Data>040000000000</Data><DataMask>1f0000000000</DataMask><Timeout>10000</Timeout></Validate></InitCmd><InitCmd><Transition>OS</Transition><Comment><![CDATA[check device state for SAFEOP]]></Comment><Requires>cycle</Requires><Cmd>4</Cmd><Adp>1001</Adp><Ado>304</Ado><Data>000000000000</Data><Retries>3</Retries><Validate><Data>040000000000</Data><DataMask>0f0000000000</DataMask><Timeout>200</Timeout></Validate></InitCmd><InitCmd><Transition>SO</Transition><Comment><![CDATA[set device state to OP]]></Comment><Requires>cycle</Requires><Cmd>5</Cmd><Adp>1001</Adp><Ado>288</Ado><Data>0800</Data><Cnt>1</Cnt><Retries>3</Retries></InitCmd><InitCmd><Transition>SO</Transition><Comment><![CDATA[check device state for OP]]></Comment><Requires>cycle</Requires><Cmd>4</Cmd><Adp>1001</Adp><Ado>304</Ado><Data>000000000000</Data><Cnt>1</Cnt><Retries>3</Retries><Validate><Data>080000000000</Data><DataMask>1f0000000000</DataMask><Timeout>10000</Timeout></Validate></InitCmd></InitCmds></Slave><Slave><Info><Name><![CDATA[Term 2 (EL2004)]]></Name><PhysAddr>1002</PhysAddr><AutoIncAddr>65535</AutoIncAddr><Physics>KK</Physics><VendorId>2</VendorId><ProductCode>131346514</ProductCode><RevisionNo>1048576</RevisionNo><SerialNo>0</SerialNo><ProductRevision>EL2004-0000-0016</ProductRevision></Info><ProcessData><Send><BitStart>208</BitStart><BitLength>4</BitLength></Send><Sm0><Type>Outputs</Type><StartAddress>3840</StartAddress><ControlByte>68</ControlByte><Enable>1</Enable><Pdo>5632</Pdo><Pdo>5633</Pdo><Pdo>5634</Pdo><Pdo>5635</Pdo></Sm0><RxPdo Fixed="1" Mandatory="1" Sm="0"><Index>#x1600</Index><Name>Channel 1</Name><Entry><Index>#x7000</Index><SubIndex>1</SubIndex><BitLen>1</BitLen><Name>Output</Name><DataType>BOOL</DataType></Entry></RxPdo><RxPdo Fixed="1" Mandatory="1" Sm="0"><Index>#x1601</Index><Name>Channel 2</Name><Entry><Index>#x7010</Index><SubIndex>1</SubIndex><BitLen>1</BitLen><Name>Output</Name><DataType>BOOL</DataType></Entry></RxPdo><RxPdo Fixed="1" Mandatory="1" Sm="0"><Index>#x1602</Index><Name>Channel 3</Name><Entry><Index>#x7020</Index><SubIndex>1</SubIndex><BitLen>1</BitLen><Name>Output</Name><DataType>BOOL</DataType></Entry></RxPdo><RxPdo Fixed="1" Mandatory="1" Sm="0"><Index>#x1603</Index><Name>Channel 4</Name><Entry><Index>#x7030</Index><SubIndex>1</SubIndex><BitLen>1</BitLen><Name>Output</Name><DataType>BOOL</DataType></Entry></RxPdo></ProcessData><InitCmds><InitCmd><Transition>PI</Transition><Transition>BI</Transition><Transition>SI</Transition><Transition>OI</Transition><Comment><![CDATA[set device state to INIT]]></Comment><Requires>cycle</Requires><Cmd>2</Cmd><Adp>65535</Adp><Ado>288</Ado><Data>0100</Data><Retries>3</Retries></InitCmd><InitCmd><Transition>PI</Transition><Transition>SI</Transition><Transition>OI</Transition><Comment><![CDATA[check device state for INIT]]></Comment><Requires>cycle</Requires><Cmd>1</Cmd><Adp>65535</Adp><Ado>304</Ado><Data>0000</Data><Retries>3</Retries><Validate><Data>0100</Data><DataMask>0f00</DataMask><Timeout>5000</Timeout></Validate></InitCmd><InitCmd><Transition>BI</Transition><Comment><![CDATA[check device state for INIT]]></Comment><Requires>cycle</Requires><Cmd>1</Cmd><Adp>65535</Adp><Ado>304</Ado><Data>0000</Data><Retries>3</Retries><Validate><Data>0100</Data><DataMask>0f00</DataMask><Timeout>10000</Timeout></Validate></InitCmd><InitCmd><Transition>IP</Transition><Transition>IB</Transition><Comment><![CDATA[set device state to INIT]]></Comment><Requires>cycle</Requires><Cmd>2</Cmd><Adp>65535</Adp><Ado>288</Ado><Data>0100</Data><Cnt>1</Cnt><Retries>3</Retries></InitCmd><InitCmd><Transition>IP</Transition><Transition>IB</Transition><Comment><![CDATA[check device state for INIT]]></Comment><Requires>cycle</Requires><Cmd>1</Cmd><Adp>65535</Adp><Ado>304</Ado><Data>0000</Data><Cnt>1</Cnt><Retries>3</Retries><Validate><Data>0100</Data><DataMask>0f00</DataMask><Timeout>3000</Timeout></Validate></InitCmd><InitCmd><Transition>IP</Transition><Comment><![CDATA[assign EEPROM to ECAT]]></Comment><Requires>cycle</Requires><Cmd>2</Cmd><Adp>65535</Adp><Ado>1280</Ado><Data>00</Data><Cnt>1</Cnt><Retries>3</Retries></InitCmd><InitCmd><Transition>IP</Transition><Comment><![CDATA[check vendor id]]></Comment><Cmd>2</Cmd><Adp>65535</Adp><Ado>1282</Ado><Data>000108000000</Data><Cnt>1</Cnt><Retries>3</Retries></InitCmd><InitCmd><Transition>IP</Transition><Comment><![CDATA[check vendor id]]></Comment><Requires>cycle</Requires><Cmd>1</Cmd><Adp>65535</Adp><Ado>1288</Ado><Data>00000000</Data><Cnt>1</Cnt><Retries>3</Retries><Validate><Data>02000000</Data><Timeout>100</Timeout></Validate></InitCmd><InitCmd><Transition>IP</Transition><Comment><![CDATA[check product code]]></Comment><Cmd>2</Cmd><Adp>65535</Adp><Ado>1282</Ado><Data>00010a000000</Data><Cnt>1</Cnt><Retries>3</Retries></InitCmd><InitCmd><Transition>IP</Transition><Comment><![CDATA[check product code]]></Comment><Requires>cycle</Requires><Cmd>1</Cmd><Adp>65535</Adp><Ado>1288</Ado><Data>00000000</Data><Cnt>1</Cnt><Retries>3</Retries><Validate><Data>5230d407</Data><Timeout>100</Timeout></Validate></InitCmd><InitCmd><Transition>IP</Transition><Transition>IB</Transition><Comment><![CDATA[set physical address]]></Comment><Requires>cycle</Requires><Cmd>2</Cmd><Adp>65535</Adp><Ado>16</Ado><Data>ea03</Data><Cnt>1</Cnt><Retries>3</Retries></InitCmd><InitCmd><Transition>SP</Transition><Transition>OP</Transition><Comment><![CDATA[set device state to PREOP]]></Comment><Requires>cycle</Requires><Cmd>5</Cmd><Adp>1002</Adp><Ado>288</Ado><Data>0200</Data><Retries>300</Retries></InitCmd><InitCmd><Transition>IP</Transition><Transition>SP</Transition><Transition>SI</Transition><Transition>OP</Transition><Transition>OI</Transition><Comment><![CDATA[clear sms]]></Comment><Cmd>5</Cmd><Adp>1002</Adp><Ado>2048</Ado><Data>0000000000000000</Data><Retries>3</Retries></InitCmd><InitCmd><Transition>OS</Transition><Comment><![CDATA[clear output sm]]></Comment><Cmd>5</Cmd><Adp>1002</Adp><Ado>2048</Ado><Data>0000000000000000</Data><Retries>3</Retries></InitCmd><InitCmd><Transition>SO</Transition><Comment><![CDATA[set sm 0 (outputs)]]></Comment><Cmd>5</Cmd><Adp>1002</Adp><Ado>2048</Ado><Data>000f010044000100</Data><Cnt>1</Cnt><Retries>3</Retries></InitCmd><InitCmd><Transition>PS</Transition><Comment><![CDATA[set fmmu 0 (outputs)]]></Comment><Cmd>5</Cmd><Adp>1002</Adp><Ado>1536</Ado><Data>0000000101000003000f000201000000</Data><Cnt>1</Cnt><Retries>3</Retries></InitCmd><InitCmd><Transition>OS</Transition><Comment><![CDATA[set device state to SAFEOP]]></Comment><Requires>cycle</Requires><Cmd>5</Cmd><Adp>1002</Adp><Ado>288</Ado><Data>0400</Data><Retries>3</Retries></InitCmd><InitCmd><Transition>SP</Transition><Transition>SI</Transition><Transition>OP</Transition><Transition>OI</Transition><Comment><![CDATA[clear fmmu 0]]></Comment><Cmd>5</Cmd><Adp>1002</Adp><Ado>1536</Ado><Data>00000000000000000000000000000000</Data><Retries>3</Retries></InitCmd><InitCmd><Transition>SP</Transition><Transition>OP</Transition><Comment><![CDATA[check device state for PREOP]]></Comment><Requires>cycle</Requires><Cmd>4</Cmd><Adp>1002</Adp><Ado>304</Ado><Data>000000000000</Data><Retries>3</Retries><Validate><Data>020000000000</Data><DataMask>0f0000000000</DataMask><Timeout>5000</Timeout></Validate></InitCmd><InitCmd><Transition>IP</Transition><Transition>IB</Transition><Comment><![CDATA[assign EEPROM to PDI]]></Comment><Requires>cycle</Requires><Cmd>5</Cmd><Adp>1002</Adp><Ado>1280</Ado><Data>01</Data><Cnt>1</Cnt><Retries>3</Retries></InitCmd><InitCmd><Transition>II</Transition><Comment><![CDATA[assign EEPROM back to ECAT]]></Comment><Requires>cycle</Requires><Cmd>2</Cmd><Adp>65535</Adp><Ado>1280</Ado><Data>00</Data><Retries>3</Retries></InitCmd><InitCmd><Transition>IP</Transition><Comment><![CDATA[set device state to PREOP]]></Comment><Requires>cycle</Requires><Cmd>5</Cmd><Adp>1002</Adp><Ado>288</Ado><Data>0200</Data><Cnt>1</Cnt><Retries>300</Retries></InitCmd><InitCmd><Transition>IP</Transition><Comment><![CDATA[check device state for PREOP]]></Comment><Requires>cycle</Requires><Cmd>4</Cmd><Adp>1002</Adp><Ado>304</Ado><Data>000000000000</Data><Cnt>1</Cnt><Retries>3</Retries><Validate><Data>020000000000</Data><DataMask>1f0000000000</DataMask><Timeout>3000</Timeout></Validate></InitCmd><InitCmd><Transition>IP</Transition><Transition>BI</Transition><Comment><![CDATA[assign EEPROM back to ECAT]]></Comment><Requires>cycle</Requires><Cmd>2</Cmd><Adp>65535</Adp><Ado>1280</Ado><Data>00</Data><Retries>3</Retries></InitCmd><InitCmd><Transition>IB</Transition><Comment><![CDATA[set device state to BOOT]]></Comment><Requires>cycle</Requires><Cmd>5</Cmd><Adp>1002</Adp><Ado>288</Ado><Data>0300</Data><Cnt>1</Cnt><Retries>3</Retries></InitCmd><InitCmd><Transition>IB</Transition><Comment><![CDATA[check device state for BOOT]]></Comment><Requires>cycle</Requires><Cmd>4</Cmd><Adp>1002</Adp><Ado>304</Ado><Data>000000000000</Data><Cnt>1</Cnt><Retries>3</Retries><Validate><Data>030000000000</Data><DataMask>1f0000000000</DataMask><Timeout>3000</Timeout></Validate></InitCmd><InitCmd><Transition>PS</Transition><Comment><![CDATA[set device state to SAFEOP]]></Comment><Requires>cycle</Requires><Cmd>5</Cmd><Adp>1002</Adp><Ado>288</Ado><Data>0400</Data><Cnt>1</Cnt><Retries>3</Retries></InitCmd><InitCmd><Transition>PS</Transition><Comment><![CDATA[check device state for SAFEOP]]></Comment><Requires>cycle</Requires><Cmd>4</Cmd><Adp>1002</Adp><Ado>304</Ado><Data>000000000000</Data><Cnt>1</Cnt><Retries>3</Retries><Validate><Data>040000000000</Data><DataMask>1f0000000000</DataMask><Timeout>10000</Timeout></Validate></InitCmd><InitCmd><Transition>OS</Transition><Comment><![CDATA[check device state for SAFEOP]]></Comment><Requires>cycle</Requires><Cmd>4</Cmd><Adp>1002</Adp><Ado>304</Ado><Data>000000000000</Data><Retries>3</Retries><Validate><Data>040000000000</Data><DataMask>0f0000000000</DataMask><Timeout>200</Timeout></Validate></InitCmd><InitCmd><Transition>SO</Transition><Comment><![CDATA[set device state to OP]]></Comment><Requires>cycle</Requires><Cmd>5</Cmd><Adp>1002</Adp><Ado>288</Ado><Data>0800</Data><Cnt>1</Cnt><Retries>3</Retries></InitCmd><InitCmd><Transition>SO</Transition><Comment><![CDATA[check device state for OP]]></Comment><Requires>cycle</Requires><Cmd>4</Cmd><Adp>1002</Adp><Ado>304</Ado><Data>000000000000</Data><Cnt>1</Cnt><Retries>3</Retries><Validate><Data>080000000000</Data><DataMask>1f0000000000</DataMask><Timeout>10000</Timeout></Validate></InitCmd></InitCmds><PreviousPort Selected="1"><Port>B</Port><PhysAddr>1001</PhysAddr></PreviousPort></Slave><Slave><Info><Name><![CDATA[Term 3 (EL2004)]]></Name><PhysAddr>1003</PhysAddr><AutoIncAddr>65534</AutoIncAddr><Physics>KK</Physics><VendorId>2</VendorId><ProductCode>131346514</ProductCode><RevisionNo>1048576</RevisionNo><SerialNo>0</SerialNo><ProductRevision>EL2004-0000-0016</ProductRevision></Info><ProcessData><Send><BitStart>212</BitStart><BitLength>4</BitLength></Send><Sm0><Type>Outputs</Type><StartAddress>3840</StartAddress><ControlByte>68</ControlByte><Enable>1</Enable><Pdo>5632</Pdo><Pdo>5633</Pdo><Pdo>5634</Pdo><Pdo>5635</Pdo></Sm0><RxPdo Fixed="1" Mandatory="1" Sm="0"><Index>#x1600</Index><Name>Channel 1</Name><Entry><Index>#x7000</Index><SubIndex>1</SubIndex><BitLen>1</BitLen><Name>Output</Name><DataType>BOOL</DataType></Entry></RxPdo><RxPdo Fixed="1" Mandatory="1" Sm="0"><Index>#x1601</Index><Name>Channel 2</Name><Entry><Index>#x7010</Index><SubIndex>1</SubIndex><BitLen>1</BitLen><Name>Output</Name><DataType>BOOL</DataType></Entry></RxPdo><RxPdo Fixed="1" Mandatory="1" Sm="0"><Index>#x1602</Index><Name>Channel 3</Name><Entry><Index>#x7020</Index><SubIndex>1</SubIndex><BitLen>1</BitLen><Name>Output</Name><DataType>BOOL</DataType></Entry></RxPdo><RxPdo Fixed="1" Mandatory="1" Sm="0"><Index>#x1603</Index><Name>Channel 4</Name><Entry><Index>#x7030</Index><SubIndex>1</SubIndex><BitLen>1</BitLen><Name>Output</Name><DataType>BOOL</DataType></Entry></RxPdo></ProcessData><InitCmds><InitCmd><Transition>PI</Transition><Transition>BI</Transition><Transition>SI</Transition><Transition>OI</Transition><Comment><![CDATA[set device state to INIT]]></Comment><Requires>cycle</Requires><Cmd>2</Cmd><Adp>65534</Adp><Ado>288</Ado><Data>0100</Data><Retries>3</Retries></InitCmd><InitCmd><Transition>PI</Transition><Transition>SI</Transition><Transition>OI</Transition><Comment><![CDATA[check device state for INIT]]></Comment><Requires>cycle</Requires><Cmd>1</Cmd><Adp>65534</Adp><Ado>304</Ado><Data>0000</Data><Retries>3</Retries><Validate><Data>0100</Data><DataMask>0f00</DataMask><Timeout>5000</Timeout></Validate></InitCmd><InitCmd><Transition>BI</Transition><Comment><![CDATA[check device state for INIT]]></Comment><Requires>cycle</Requires><Cmd>1</Cmd><Adp>65534</Adp><Ado>304</Ado><Data>0000</Data><Retries>3</Retries><Validate><Data>0100</Data><DataMask>0f00</DataMask><Timeout>10000</Timeout></Validate></InitCmd><InitCmd><Transition>IP</Transition><Transition>IB</Transition><Comment><![CDATA[set device state to INIT]]></Comment><Requires>cycle</Requires><Cmd>2</Cmd><Adp>65534</Adp><Ado>288</Ado><Data>0100</Data><Cnt>1</Cnt><Retries>3</Retries></InitCmd><InitCmd><Transition>IP</Transition><Transition>IB</Transition><Comment><![CDATA[check device state for INIT]]></Comment><Requires>cycle</Requires><Cmd>1</Cmd><Adp>65534</Adp><Ado>304</Ado><Data>0000</Data><Cnt>1</Cnt><Retries>3</Retries><Validate><Data>0100</Data><DataMask>0f00</DataMask><Timeout>3000</Timeout></Validate></InitCmd><InitCmd><Transition>IP</Transition><Comment><![CDATA[assign EEPROM to ECAT]]></Comment><Requires>cycle</Requires><Cmd>2</Cmd><Adp>65534</Adp><Ado>1280</Ado><Data>00</Data><Cnt>1</Cnt><Retries>3</Retries></InitCmd><InitCmd><Transition>IP</Transition><Comment><![CDATA[check vendor id]]></Comment><Cmd>2</Cmd><Adp>65534</Adp><Ado>1282</Ado><Data>000108000000</Data><Cnt>1</Cnt><Retries>3</Retries></InitCmd><InitCmd><Transition>IP</Transition><Comment><![CDATA[check vendor id]]></Comment><Requires>cycle</Requires><Cmd>1</Cmd><Adp>65534</Adp><Ado>1288</Ado><Data>00000000</Data><Cnt>1</Cnt><Retries>3</Retries><Validate><Data>02000000</Data><Timeout>100</Timeout></Validate></InitCmd><InitCmd><Transition>IP</Transition><Comment><![CDATA[check product code]]></Comment><Cmd>2</Cmd><Adp>65534</Adp><Ado>1282</Ado><Data>00010a000000</Data><Cnt>1</Cnt><Retries>3</Retries></InitCmd><InitCmd><Transition>IP</Transition><Comment><![CDATA[check product code]]></Comment><Requires>cycle</Requires><Cmd>1</Cmd><Adp>65534</Adp><Ado>1288</Ado><Data>00000000</Data><Cnt>1</Cnt><Retries>3</Retries><Validate><Data>5230d407</Data><Timeout>100</Timeout></Validate></InitCmd><InitCmd><Transition>IP</Transition><Transition>IB</Transition><Comment><![CDATA[set physical address]]></Comment><Requires>cycle</Requires><Cmd>2</Cmd><Adp>65534</Adp><Ado>16</Ado><Data>eb03</Data><Cnt>1</Cnt><Retries>3</Retries></InitCmd><InitCmd><Transition>SP</Transition><Transition>OP</Transition><Comment><![CDATA[set device state to PREOP]]></Comment><Requires>cycle</Requires><Cmd>5</Cmd><Adp>1003</Adp><Ado>288</Ado><Data>0200</Data><Retries>300</Retries></InitCmd><InitCmd><Transition>IP</Transition><Transition>SP</Transition><Transition>SI</Transition><Transition>OP</Transition><Transition>OI</Transition><Comment><![CDATA[clear sms]]></Comment><Cmd>5</Cmd><Adp>1003</Adp><Ado>2048</Ado><Data>0000000000000000</Data><Retries>3</Retries></InitCmd><InitCmd><Transition>OS</Transition><Comment><![CDATA[clear output sm]]></Comment><Cmd>5</Cmd><Adp>1003</Adp><Ado>2048</Ado><Data>0000000000000000</Data><Retries>3</Retries></InitCmd><InitCmd><Transition>SO</Transition><Comment><![CDATA[set sm 0 (outputs)]]></Comment><Cmd>5</Cmd><Adp>1003</Adp><Ado>2048</Ado><Data>000f010044000100</Data><Cnt>1</Cnt><Retries>3</Retries></InitCmd><InitCmd><Transition>PS</Transition><Comment><![CDATA[set fmmu 0 (outputs)]]></Comment><Cmd>5</Cmd><Adp>1003</Adp><Ado>1536</Ado><Data>0000000101000407000f000201000000</Data><Cnt>1</Cnt><Retries>3</Retries></InitCmd><InitCmd><Transition>OS</Transition><Comment><![CDATA[set device state to SAFEOP]]></Comment><Requires>cycle</Requires><Cmd>5</Cmd><Adp>1003</Adp><Ado>288</Ado><Data>0400</Data><Retries>3</Retries></InitCmd><InitCmd><Transition>SP</Transition><Transition>SI</Transition><Transition>OP</Transition><Transition>OI</Transition><Comment><![CDATA[clear fmmu 0]]></Comment><Cmd>5</Cmd><Adp>1003</Adp><Ado>1536</Ado><Data>00000000000000000000000000000000</Data><Retries>3</Retries></InitCmd><InitCmd><Transition>SP</Transition><Transition>OP</Transition><Comment><![CDATA[check device state for PREOP]]></Comment><Requires>cycle</Requires><Cmd>4</Cmd><Adp>1003</Adp><Ado>304</Ado><Data>000000000000</Data><Retries>3</Retries><Validate><Data>020000000000</Data><DataMask>0f0000000000</DataMask><Timeout>5000</Timeout></Validate></InitCmd><InitCmd><Transition>IP</Transition><Transition>IB</Transition><Comment><![CDATA[assign EEPROM to PDI]]></Comment><Requires>cycle</Requires><Cmd>5</Cmd><Adp>1003</Adp><Ado>1280</Ado><Data>01</Data><Cnt>1</Cnt><Retries>3</Retries></InitCmd><InitCmd><Transition>II</Transition><Comment><![CDATA[assign EEPROM back to ECAT]]></Comment><Requires>cycle</Requires><Cmd>2</Cmd><Adp>65534</Adp><Ado>1280</Ado><Data>00</Data><Retries>3</Retries></InitCmd><InitCmd><Transition>IP</Transition><Comment><![CDATA[set device state to PREOP]]></Comment><Requires>cycle</Requires><Cmd>5</Cmd><Adp>1003</Adp><Ado>288</Ado><Data>0200</Data><Cnt>1</Cnt><Retries>300</Retries></InitCmd><InitCmd><Transition>IP</Transition><Comment><![CDATA[check device state for PREOP]]></Comment><Requires>cycle</Requires><Cmd>4</Cmd><Adp>1003</Adp><Ado>304</Ado><Data>000000000000</Data><Cnt>1</Cnt><Retries>3</Retries><Validate><Data>020000000000</Data><DataMask>1f0000000000</DataMask><Timeout>3000</Timeout></Validate></InitCmd><InitCmd><Transition>IP</Transition><Transition>BI</Transition><Comment><![CDATA[assign EEPROM back to ECAT]]></Comment><Requires>cycle</Requires><Cmd>2</Cmd><Adp>65534</Adp><Ado>1280</Ado><Data>00</Data><Retries>3</Retries></InitCmd><InitCmd><Transition>IB</Transition><Comment><![CDATA[set device state to BOOT]]></Comment><Requires>cycle</Requires><Cmd>5</Cmd><Adp>1003</Adp><Ado>288</Ado><Data>0300</Data><Cnt>1</Cnt><Retries>3</Retries></InitCmd><InitCmd><Transition>IB</Transition><Comment><![CDATA[check device state for BOOT]]></Comment><Requires>cycle</Requires><Cmd>4</Cmd><Adp>1003</Adp><Ado>304</Ado><Data>000000000000</Data><Cnt>1</Cnt><Retries>3</Retries><Validate><Data>030000000000</Data><DataMask>1f0000000000</DataMask><Timeout>3000</Timeout></Validate></InitCmd><InitCmd><Transition>PS</Transition><Comment><![CDATA[set device state to SAFEOP]]></Comment><Requires>cycle</Requires><Cmd>5</Cmd><Adp>1003</Adp><Ado>288</Ado><Data>0400</Data><Cnt>1</Cnt><Retries>3</Retries></InitCmd><InitCmd><Transition>PS</Transition><Comment><![CDATA[check device state for SAFEOP]]></Comment><Requires>cycle</Requires><Cmd>4</Cmd><Adp>1003</Adp><Ado>304</Ado><Data>000000000000</Data><Cnt>1</Cnt><Retries>3</Retries><Validate><Data>040000000000</Data><DataMask>1f0000000000</DataMask><Timeout>10000</Timeout></Validate></InitCmd><InitCmd><Transition>OS</Transition><Comment><![CDATA[check device state for SAFEOP]]></Comment><Requires>cycle</Requires><Cmd>4</Cmd><Adp>1003</Adp><Ado>304</Ado><Data>000000000000</Data><Retries>3</Retries><Validate><Data>040000000000</Data><DataMask>0f0000000000</DataMask><Timeout>200</Timeout></Validate></InitCmd><InitCmd><Transition>SO</Transition><Comment><![CDATA[set device state to OP]]></Comment><Requires>cycle</Requires><Cmd>5</Cmd><Adp>1003</Adp><Ado>288</Ado><Data>0800</Data><Cnt>1</Cnt><Retries>3</Retries></InitCmd><InitCmd><Transition>SO</Transition><Comment><![CDATA[check device state for OP]]></Comment><Requires>cycle</Requires><Cmd>4</Cmd><Adp>1003</Adp><Ado>304</Ado><Data>000000000000</Data><Cnt>1</Cnt><Retries>3</Retries><Validate><Data>080000000000</Data><DataMask>1f0000000000</DataMask><Timeout>10000</Timeout></Validate></InitCmd></InitCmds><PreviousPort Selected="1"><Port>B</Port><PhysAddr>1002</PhysAddr></PreviousPort></Slave><Slave><Info><Name><![CDATA[Term 4 (EL1004)]]></Name><PhysAddr>1004</PhysAddr><AutoIncAddr>65533</AutoIncAddr><Physics>KK</Physics><VendorId>2</VendorId><ProductCode>65810514</ProductCode><RevisionNo>1048576</RevisionNo><SerialNo>0</SerialNo><ProductRevision>EL1004-0000-0016</ProductRevision></Info><ProcessData><Recv><BitStart>312</BitStart><BitLength>4</BitLength></Recv><Sm0><Type>Inputs</Type><DefaultSize>1</DefaultSize><StartAddress>4096</StartAddress><ControlByte>0</ControlByte><Enable>1</Enable><Pdo>6656</Pdo><Pdo>6657</Pdo><Pdo>6658</Pdo><Pdo>6659</Pdo></Sm0><TxPdo Fixed="1" Mandatory="1" Sm="0"><Index>#x1a00</Index><Name>Channel 1</Name><Entry><Index>#x6000</Index><SubIndex>1</SubIndex><BitLen>1</BitLen><Name>Input</Name><DataType>BOOL</DataType></Entry></TxPdo><TxPdo Fixed="1" Mandatory="1" Sm="0"><Index>#x1a01</Index><Name>Channel 2</Name><Entry><Index>#x6010</Index><SubIndex>1</SubIndex><BitLen>1</BitLen><Name>Input</Name><DataType>BOOL</DataType></Entry></TxPdo><TxPdo Fixed="1" Mandatory="1" Sm="0"><Index>#x1a02</Index><Name>Channel 3</Name><Entry><Index>#x6020</Index><SubIndex>1</SubIndex><BitLen>1</BitLen><Name>Input</Name><DataType>BOOL</DataType></Entry></TxPdo><TxPdo Fixed="1" Mandatory="1" Sm="0"><Index>#x1a03</Index><Name>Channel 4</Name><Entry><Index>#x6030</Index><SubIndex>1</SubIndex><BitLen>1</BitLen><Name>Input</Name><DataType>BOOL</DataType></Entry></TxPdo></ProcessData><InitCmds><InitCmd><Transition>PI</Transition><Transition>BI</Transition><Transition>SI</Transition><Transition>OI</Transition><Comment><![CDATA[set device state to INIT]]></Comment><Requires>cycle</Requires><Cmd>2</Cmd><Adp>65533</Adp><Ado>288</Ado><Data>0100</Data><Retries>3</Retries></InitCmd><InitCmd><Transition>PI</Transition><Transition>SI</Transition><Transition>OI</Transition><Comment><![CDATA[check device state for INIT]]></Comment><Requires>cycle</Requires><Cmd>1</Cmd><Adp>65533</Adp><Ado>304</Ado><Data>0000</Data><Retries>3</Retries><Validate><Data>0100</Data><DataMask>0f00</DataMask><Timeout>5000</Timeout></Validate></InitCmd><InitCmd><Transition>BI</Transition><Comment><![CDATA[check device state for INIT]]></Comment><Requires>cycle</Requires><Cmd>1</Cmd><Adp>65533</Adp><Ado>304</Ado><Data>0000</Data><Retries>3</Retries><Validate><Data>0100</Data><DataMask>0f00</DataMask><Timeout>10000</Timeout></Validate></InitCmd><InitCmd><Transition>IP</Transition><Transition>IB</Transition><Comment><![CDATA[set device state to INIT]]></Comment><Requires>cycle</Requires><Cmd>2</Cmd><Adp>65533</Adp><Ado>288</Ado><Data>0100</Data><Cnt>1</Cnt><Retries>3</Retries></InitCmd><InitCmd><Transition>IP</Transition><Transition>IB</Transition><Comment><![CDATA[check device state for INIT]]></Comment><Requires>cycle</Requires><Cmd>1</Cmd><Adp>65533</Adp><Ado>304</Ado><Data>0000</Data><Cnt>1</Cnt><Retries>3</Retries><Validate><Data>0100</Data><DataMask>0f00</DataMask><Timeout>3000</Timeout></Validate></InitCmd><InitCmd><Transition>IP</Transition><Comment><![CDATA[assign EEPROM to ECAT]]></Comment><Requires>cycle</Requires><Cmd>2</Cmd><Adp>65533</Adp><Ado>1280</Ado><Data>00</Data><Cnt>1</Cnt><Retries>3</Retries></InitCmd><InitCmd><Transition>IP</Transition><Comment><![CDATA[check vendor id]]></Comment><Cmd>2</Cmd><Adp>65533</Adp><Ado>1282</Ado><Data>000108000000</Data><Cnt>1</Cnt><Retries>3</Retries></InitCmd><InitCmd><Transition>IP</Transition><Comment><![CDATA[check vendor id]]></Comment><Requires>cycle</Requires><Cmd>1</Cmd><Adp>65533</Adp><Ado>1288</Ado><Data>00000000</Data><Cnt>1</Cnt><Retries>3</Retries><Validate><Data>02000000</Data><Timeout>100</Timeout></Validate></InitCmd><InitCmd><Transition>IP</Transition><Comment><![CDATA[check product code]]></Comment><Cmd>2</Cmd><Adp>65533</Adp><Ado>1282</Ado><Data>00010a000000</Data><Cnt>1</Cnt><Retries>3</Retries></InitCmd><InitCmd><Transition>IP</Transition><Comment><![CDATA[check product code]]></Comment><Requires>cycle</Requires><Cmd>1</Cmd><Adp>65533</Adp><Ado>1288</Ado><Data>00000000</Data><Cnt>1</Cnt><Retries>3</Retries><Validate><Data>5230ec03</Data><Timeout>100</Timeout></Validate></InitCmd><InitCmd><Transition>IP</Transition><Transition>IB</Transition><Comment><![CDATA[set physical address]]></Comment><Requires>cycle</Requires><Cmd>2</Cmd><Adp>65533</Adp><Ado>16</Ado><Data>ec03</Data><Cnt>1</Cnt><Retries>3</Retries></InitCmd><InitCmd><Transition>SP</Transition><Transition>OP</Transition><Comment><![CDATA[set device state to PREOP]]></Comment><Requires>cycle</Requires><Cmd>5</Cmd><Adp>1004</Adp><Ado>288</Ado><Data>0200</Data><Retries>300</Retries></InitCmd><InitCmd><Transition>IP</Transition><Transition>SP</Transition><Transition>SI</Transition><Transition>OP</Transition><Transition>OI</Transition><Comment><![CDATA[clear sms]]></Comment><Cmd>5</Cmd><Adp>1004</Adp><Ado>2048</Ado><Data>0000000000000000</Data><Retries>3</Retries></InitCmd><InitCmd><Transition>PS</Transition><Comment><![CDATA[set sm 0 (inputs)]]></Comment><Cmd>5</Cmd><Adp>1004</Adp><Ado>2048</Ado><Data>0010010000000100</Data><Cnt>1</Cnt><Retries>3</Retries></InitCmd><InitCmd><Transition>PS</Transition><Comment><![CDATA[set fmmu 0 (inputs)]]></Comment><Cmd>5</Cmd><Adp>1004</Adp><Ado>1536</Ado><Data>00080001010000030010000101000000</Data><Cnt>1</Cnt><Retries>3</Retries></InitCmd><InitCmd><Transition>OS</Transition><Comment><![CDATA[set device state to SAFEOP]]></Comment><Requires>cycle</Requires><Cmd>5</Cmd><Adp>1004</Adp><Ado>288</Ado><Data>0400</Data><Retries>3</Retries></InitCmd><InitCmd><Transition>SP</Transition><Transition>SI</Transition><Transition>OP</Transition><Transition>OI</Transition><Comment><![CDATA[clear fmmu 0]]></Comment><Cmd>5</Cmd><Adp>1004</Adp><Ado>1536</Ado><Data>00000000000000000000000000000000</Data><Retries>3</Retries></InitCmd><InitCmd><Transition>SP</Transition><Transition>OP</Transition><Comment><![CDATA[check device state for PREOP]]></Comment><Requires>cycle</Requires><Cmd>4</Cmd><Adp>1004</Adp><Ado>304</Ado><Data>000000000000</Data><Retries>3</Retries><Validate><Data>020000000000</Data><DataMask>0f0000000000</DataMask><Timeout>5000</Timeout></Validate></InitCmd><InitCmd><Transition>IP</Transition><Transition>IB</Transition><Comment><![CDATA[assign EEPROM to PDI]]></Comment><Requires>cycle</Requires><Cmd>5</Cmd><Adp>1004</Adp><Ado>1280</Ado><Data>01</Data><Cnt>1</Cnt><Retries>3</Retries></InitCmd><InitCmd><Transition>II</Transition><Comment><![CDATA[assign EEPROM back to ECAT]]></Comment><Requires>cycle</Requires><Cmd>2</Cmd><Adp>65533</Adp><Ado>1280</Ado><Data>00</Data><Retries>3</Retries></InitCmd><InitCmd><Transition>IP</Transition><Comment><![CDATA[set device state to PREOP]]></Comment><Requires>cycle</Requires><Cmd>5</Cmd><Adp>1004</Adp><Ado>288</Ado><Data>0200</Data><Cnt>1</Cnt><Retries>300</Retries></InitCmd><InitCmd><Transition>IP</Transition><Comment><![CDATA[check device state for PREOP]]></Comment><Requires>cycle</Requires><Cmd>4</Cmd><Adp>1004</Adp><Ado>304</Ado><Data>000000000000</Data><Cnt>1</Cnt><Retries>3</Retries><Validate><Data>020000000000</Data><DataMask>1f0000000000</DataMask><Timeout>3000</Timeout></Validate></InitCmd><InitCmd><Transition>IP</Transition><Transition>BI</Transition><Comment><![CDATA[assign EEPROM back to ECAT]]></Comment><Requires>cycle</Requires><Cmd>2</Cmd><Adp>65533</Adp><Ado>1280</Ado><Data>00</Data><Retries>3</Retries></InitCmd><InitCmd><Transition>IB</Transition><Comment><![CDATA[set device state to BOOT]]></Comment><Requires>cycle</Requires><Cmd>5</Cmd><Adp>1004</Adp><Ado>288</Ado><Data>0300</Data><Cnt>1</Cnt><Retries>3</Retries></InitCmd><InitCmd><Transition>IB</Transition><Comment><![CDATA[check device state for BOOT]]></Comment><Requires>cycle</Requires><Cmd>4</Cmd><Adp>1004</Adp><Ado>304</Ado><Data>000000000000</Data><Cnt>1</Cnt><Retries>3</Retries><Validate><Data>030000000000</Data><DataMask>1f0000000000</DataMask><Timeout>3000</Timeout></Validate></InitCmd><InitCmd><Transition>PS</Transition><Comment><![CDATA[set device state to SAFEOP]]></Comment><Requires>cycle</Requires><Cmd>5</Cmd><Adp>1004</Adp><Ado>288</Ado><Data>0400</Data><Cnt>1</Cnt><Retries>3</Retries></InitCmd><InitCmd><Transition>PS</Transition><Comment><![CDATA[check device state for SAFEOP]]></Comment><Requires>cycle</Requires><Cmd>4</Cmd><Adp>1004</Adp><Ado>304</Ado><Data>000000000000</Data><Cnt>1</Cnt><Retries>3</Retries><Validate><Data>040000000000</Data><DataMask>1f0000000000</DataMask><Timeout>10000</Timeout></Validate></InitCmd><InitCmd><Transition>OS</Transition><Comment><![CDATA[check device state for SAFEOP]]></Comment><Requires>cycle</Requires><Cmd>4</Cmd><Adp>1004</Adp><Ado>304</Ado><Data>000000000000</Data><Retries>3</Retries><Validate><Data>040000000000</Data><DataMask>0f0000000000</DataMask><Timeout>200</Timeout></Validate></InitCmd><InitCmd><Transition>SO</Transition><Comment><![CDATA[set device state to OP]]></Comment><Requires>cycle</Requires><Cmd>5</Cmd><Adp>1004</Adp><Ado>288</Ado><Data>0800</Data><Cnt>1</Cnt><Retries>3</Retries></InitCmd><InitCmd><Transition>SO</Transition><Comment><![CDATA[check device state for OP]]></Comment><Requires>cycle</Requires><Cmd>4</Cmd><Adp>1004</Adp><Ado>304</Ado><Data>000000000000</Data><Cnt>1</Cnt><Retries>3</Retries><Validate><Data>080000000000</Data><DataMask>1f0000000000</DataMask><Timeout>10000</Timeout></Validate></InitCmd></InitCmds><PreviousPort Selected="1"><Port>B</Port><PhysAddr>1003</PhysAddr></PreviousPort></Slave><Slave><Info><Name><![CDATA[Term 5 (EL1004)]]></Name><PhysAddr>1005</PhysAddr><AutoIncAddr>65532</AutoIncAddr><Physics>KK</Physics><VendorId>2</VendorId><ProductCode>65810514</ProductCode><RevisionNo>1048576</RevisionNo><SerialNo>0</SerialNo><ProductRevision>EL1004-0000-0016</ProductRevision></Info><ProcessData><Recv><BitStart>316</BitStart><BitLength>4</BitLength></Recv><Sm0><Type>Inputs</Type><DefaultSize>1</DefaultSize><StartAddress>4096</StartAddress><ControlByte>0</ControlByte><Enable>1</Enable><Pdo>6656</Pdo><Pdo>6657</Pdo><Pdo>6658</Pdo><Pdo>6659</Pdo></Sm0><TxPdo Fixed="1" Mandatory="1" Sm="0"><Index>#x1a00</Index><Name>Channel 1</Name><Entry><Index>#x6000</Index><SubIndex>1</SubIndex><BitLen>1</BitLen><Name>Input</Name><DataType>BOOL</DataType></Entry></TxPdo><TxPdo Fixed="1" Mandatory="1" Sm="0"><Index>#x1a01</Index><Name>Channel 2</Name><Entry><Index>#x6010</Index><SubIndex>1</SubIndex><BitLen>1</BitLen><Name>Input</Name><DataType>BOOL</DataType></Entry></TxPdo><TxPdo Fixed="1" Mandatory="1" Sm="0"><Index>#x1a02</Index><Name>Channel 3</Name><Entry><Index>#x6020</Index><SubIndex>1</SubIndex><BitLen>1</BitLen><Name>Input</Name><DataType>BOOL</DataType></Entry></TxPdo><TxPdo Fixed="1" Mandatory="1" Sm="0"><Index>#x1a03</Index><Name>Channel 4</Name><Entry><Index>#x6030</Index><SubIndex>1</SubIndex><BitLen>1</BitLen><Name>Input</Name><DataType>BOOL</DataType></Entry></TxPdo></ProcessData><InitCmds><InitCmd><Transition>PI</Transition><Transition>BI</Transition><Transition>SI</Transition><Transition>OI</Transition><Comment><![CDATA[set device state to INIT]]></Comment><Requires>cycle</Requires><Cmd>2</Cmd><Adp>65532</Adp><Ado>288</Ado><Data>0100</Data><Retries>3</Retries></InitCmd><InitCmd><Transition>PI</Transition><Transition>SI</Transition><Transition>OI</Transition><Comment><![CDATA[check device state for INIT]]></Comment><Requires>cycle</Requires><Cmd>1</Cmd><Adp>65532</Adp><Ado>304</Ado><Data>0000</Data><Retries>3</Retries><Validate><Data>0100</Data><DataMask>0f00</DataMask><Timeout>5000</Timeout></Validate></InitCmd><InitCmd><Transition>BI</Transition><Comment><![CDATA[check device state for INIT]]></Comment><Requires>cycle</Requires><Cmd>1</Cmd><Adp>65532</Adp><Ado>304</Ado><Data>0000</Data><Retries>3</Retries><Validate><Data>0100</Data><DataMask>0f00</DataMask><Timeout>10000</Timeout></Validate></InitCmd><InitCmd><Transition>IP</Transition><Transition>IB</Transition><Comment><![CDATA[set device state to INIT]]></Comment><Requires>cycle</Requires><Cmd>2</Cmd><Adp>65532</Adp><Ado>288</Ado><Data>0100</Data><Cnt>1</Cnt><Retries>3</Retries></InitCmd><InitCmd><Transition>IP</Transition><Transition>IB</Transition><Comment><![CDATA[check device state for INIT]]></Comment><Requires>cycle</Requires><Cmd>1</Cmd><Adp>65532</Adp><Ado>304</Ado><Data>0000</Data><Cnt>1</Cnt><Retries>3</Retries><Validate><Data>0100</Data><DataMask>0f00</DataMask><Timeout>3000</Timeout></Validate></InitCmd><InitCmd><Transition>IP</Transition><Comment><![CDATA[assign EEPROM to ECAT]]></Comment><Requires>cycle</Requires><Cmd>2</Cmd><Adp>65532</Adp><Ado>1280</Ado><Data>00</Data><Cnt>1</Cnt><Retries>3</Retries></InitCmd><InitCmd><Transition>IP</Transition><Comment><![CDATA[check vendor id]]></Comment><Cmd>2</Cmd><Adp>65532</Adp><Ado>1282</Ado><Data>000108000000</Data><Cnt>1</Cnt><Retries>3</Retries></InitCmd><InitCmd><Transition>IP</Transition><Comment><![CDATA[check vendor id]]></Comment><Requires>cycle</Requires><Cmd>1</Cmd><Adp>65532</Adp><Ado>1288</Ado><Data>00000000</Data><Cnt>1</Cnt><Retries>3</Retries><Validate><Data>02000000</Data><Timeout>100</Timeout></Validate></InitCmd><InitCmd><Transition>IP</Transition><Comment><![CDATA[check product code]]></Comment><Cmd>2</Cmd><Adp>65532</Adp><Ado>1282</Ado><Data>00010a000000</Data><Cnt>1</Cnt><Retries>3</Retries></InitCmd><InitCmd><Transition>IP</Transition><Comment><![CDATA[check product code]]></Comment><Requires>cycle</Requires><Cmd>1</Cmd><Adp>65532</Adp><Ado>1288</Ado><Data>00000000</Data><Cnt>1</Cnt><Retries>3</Retries><Validate><Data>5230ec03</Data><Timeout>100</Timeout></Validate></InitCmd><InitCmd><Transition>IP</Transition><Transition>IB</Transition><Comment><![CDATA[set physical address]]></Comment><Requires>cycle</Requires><Cmd>2</Cmd><Adp>65532</Adp><Ado>16</Ado><Data>ed03</Data><Cnt>1</Cnt><Retries>3</Retries></InitCmd><InitCmd><Transition>SP</Transition><Transition>OP</Transition><Comment><![CDATA[set device state to PREOP]]></Comment><Requires>cycle</Requires><Cmd>5</Cmd><Adp>1005</Adp><Ado>288</Ado><Data>0200</Data><Retries>300</Retries></InitCmd><InitCmd><Transition>IP</Transition><Transition>SP</Transition><Transition>SI</Transition><Transition>OP</Transition><Transition>OI</Transition><Comment><![CDATA[clear sms]]></Comment><Cmd>5</Cmd><Adp>1005</Adp><Ado>2048</Ado><Data>0000000000000000</Data><Retries>3</Retries></InitCmd><InitCmd><Transition>PS</Transition><Comment><![CDATA[set sm 0 (inputs)]]></Comment><Cmd>5</Cmd><Adp>1005</Adp><Ado>2048</Ado><Data>0010010000000100</Data><Cnt>1</Cnt><Retries>3</Retries></InitCmd><InitCmd><Transition>PS</Transition><Comment><![CDATA[set fmmu 0 (inputs)]]></Comment><Cmd>5</Cmd><Adp>1005</Adp><Ado>1536</Ado><Data>00080001010004070010000101000000</Data><Cnt>1</Cnt><Retries>3</Retries></InitCmd><InitCmd><Transition>OS</Transition><Comment><![CDATA[set device state to SAFEOP]]></Comment><Requires>cycle</Requires><Cmd>5</Cmd><Adp>1005</Adp><Ado>288</Ado><Data>0400</Data><Retries>3</Retries></InitCmd><InitCmd><Transition>SP</Transition><Transition>SI</Transition><Transition>OP</Transition><Transition>OI</Transition><Comment><![CDATA[clear fmmu 0]]></Comment><Cmd>5</Cmd><Adp>1005</Adp><Ado>1536</Ado><Data>00000000000000000000000000000000</Data><Retries>3</Retries></InitCmd><InitCmd><Transition>SP</Transition><Transition>OP</Transition><Comment><![CDATA[check device state for PREOP]]></Comment><Requires>cycle</Requires><Cmd>4</Cmd><Adp>1005</Adp><Ado>304</Ado><Data>000000000000</Data><Retries>3</Retries><Validate><Data>020000000000</Data><DataMask>0f0000000000</DataMask><Timeout>5000</Timeout></Validate></InitCmd><InitCmd><Transition>IP</Transition><Transition>IB</Transition><Comment><![CDATA[assign EEPROM to PDI]]></Comment><Requires>cycle</Requires><Cmd>5</Cmd><Adp>1005</Adp><Ado>1280</Ado><Data>01</Data><Cnt>1</Cnt><Retries>3</Retries></InitCmd><InitCmd><Transition>II</Transition><Comment><![CDATA[assign EEPROM back to ECAT]]></Comment><Requires>cycle</Requires><Cmd>2</Cmd><Adp>65532</Adp><Ado>1280</Ado><Data>00</Data><Retries>3</Retries></InitCmd><InitCmd><Transition>IP</Transition><Comment><![CDATA[set device state to PREOP]]></Comment><Requires>cycle</Requires><Cmd>5</Cmd><Adp>1005</Adp><Ado>288</Ado><Data>0200</Data><Cnt>1</Cnt><Retries>300</Retries></InitCmd><InitCmd><Transition>IP</Transition><Comment><![CDATA[check device state for PREOP]]></Comment><Requires>cycle</Requires><Cmd>4</Cmd><Adp>1005</Adp><Ado>304</Ado><Data>000000000000</Data><Cnt>1</Cnt><Retries>3</Retries><Validate><Data>020000000000</Data><DataMask>1f0000000000</DataMask><Timeout>3000</Timeout></Validate></InitCmd><InitCmd><Transition>IP</Transition><Transition>BI</Transition><Comment><![CDATA[assign EEPROM back to ECAT]]></Comment><Requires>cycle</Requires><Cmd>2</Cmd><Adp>65532</Adp><Ado>1280</Ado><Data>00</Data><Retries>3</Retries></InitCmd><InitCmd><Transition>IB</Transition><Comment><![CDATA[set device state to BOOT]]></Comment><Requires>cycle</Requires><Cmd>5</Cmd><Adp>1005</Adp><Ado>288</Ado><Data>0300</Data><Cnt>1</Cnt><Retries>3</Retries></InitCmd><InitCmd><Transition>IB</Transition><Comment><![CDATA[check device state for BOOT]]></Comment><Requires>cycle</Requires><Cmd>4</Cmd><Adp>1005</Adp><Ado>304</Ado><Data>000000000000</Data><Cnt>1</Cnt><Retries>3</Retries><Validate><Data>030000000000</Data><DataMask>1f0000000000</DataMask><Timeout>3000</Timeout></Validate></InitCmd><InitCmd><Transition>PS</Transition><Comment><![CDATA[set device state to SAFEOP]]></Comment><Requires>cycle</Requires><Cmd>5</Cmd><Adp>1005</Adp><Ado>288</Ado><Data>0400</Data><Cnt>1</Cnt><Retries>3</Retries></InitCmd><InitCmd><Transition>PS</Transition><Comment><![CDATA[check device state for SAFEOP]]></Comment><Requires>cycle</Requires><Cmd>4</Cmd><Adp>1005</Adp><Ado>304</Ado><Data>000000000000</Data><Cnt>1</Cnt><Retries>3</Retries><Validate><Data>040000000000</Data><DataMask>1f0000000000</DataMask><Timeout>10000</Timeout></Validate></InitCmd><InitCmd><Transition>OS</Transition><Comment><![CDATA[check device state for SAFEOP]]></Comment><Requires>cycle</Requires><Cmd>4</Cmd><Adp>1005</Adp><Ado>304</Ado><Data>000000000000</Data><Retries>3</Retries><Validate><Data>040000000000</Data><DataMask>0f0000000000</DataMask><Timeout>200</Timeout></Validate></InitCmd><InitCmd><Transition>SO</Transition><Comment><![CDATA[set device state to OP]]></Comment><Requires>cycle</Requires><Cmd>5</Cmd><Adp>1005</Adp><Ado>288</Ado><Data>0800</Data><Cnt>1</Cnt><Retries>3</Retries></InitCmd><InitCmd><Transition>SO</Transition><Comment><![CDATA[check device state for OP]]></Comment><Requires>cycle</Requires><Cmd>4</Cmd><Adp>1005</Adp><Ado>304</Ado><Data>000000000000</Data><Cnt>1</Cnt><Retries>3</Retries><Validate><Data>080000000000</Data><DataMask>1f0000000000</DataMask><Timeout>10000</Timeout></Validate></InitCmd></InitCmds><PreviousPort Selected="1"><Port>B</Port><PhysAddr>1004</PhysAddr></PreviousPort></Slave><Slave><Info><Name><![CDATA[Term 6 (EL9011)]]></Name><VendorId>2</VendorId><ProductCode>590557264</ProductCode><RevisionNo>0</RevisionNo><SerialNo>0</SerialNo><ProductRevision>EL9011</ProductRevision></Info><PreviousPort Selected="1"><Port>B</Port><PhysAddr>1005</PhysAddr></PreviousPort></Slave><Cyclic><Frame><Cmd><State>SAFEOP</State><State>OP</State><Comment><![CDATA[cyclic cmd]]></Comment><Cmd>11</Cmd><Addr>16777216</Addr><DataLength>1</DataLength><Cnt>2</Cnt><InputOffs>16</InputOffs><OutputOffs>16</OutputOffs></Cmd><Cmd><State>SAFEOP</State><State>OP</State><Comment><![CDATA[cyclic cmd]]></Comment><Cmd>10</Cmd><Addr>16779264</Addr><DataLength>1</DataLength><Cnt>2</Cnt><InputOffs>29</InputOffs><OutputOffs>29</OutputOffs></Cmd><Cmd><State>PREOP</State><State>SAFEOP</State><State>OP</State><Comment><![CDATA[cyclic cmd]]></Comment><Cmd>7</Cmd><Adp>0</Adp><Ado>304</Ado><DataLength>2</DataLength><Cnt>5</Cnt><InputOffs>42</InputOffs><OutputOffs>42</OutputOffs></Cmd></Frame></Cyclic><ProcessImage><Inputs><ByteSize>1536</ByteSize><Variable><Name>Term 4 (EL1004).Channel 1.Input</Name><DataType>BOOL</DataType><BitSize>1</BitSize><BitOffs>312</BitOffs></Variable><Variable><Name>Term 4 (EL1004).Channel 2.Input</Name><DataType>BOOL</DataType><BitSize>1</BitSize><BitOffs>313</BitOffs></Variable><Variable><Name>Term 4 (EL1004).Channel 3.Input</Name><DataType>BOOL</DataType><BitSize>1</BitSize><BitOffs>314</BitOffs></Variable><Variable><Name>Term 4 (EL1004).Channel 4.Input</Name><DataType>BOOL</DataType><BitSize>1</BitSize><BitOffs>315</BitOffs></Variable><Variable><Name>Term 5 (EL1004).Channel 1.Input</Name><DataType>BOOL</DataType><BitSize>1</BitSize><BitOffs>316</BitOffs></Variable><Variable><Name>Term 5 (EL1004).Channel 2.Input</Name><DataType>BOOL</DataType><BitSize>1</BitSize><BitOffs>317</BitOffs></Variable><Variable><Name>Term 5 (EL1004).Channel 3.Input</Name><DataType>BOOL</DataType><BitSize>1</BitSize><BitOffs>318</BitOffs></Variable><Variable><Name>Term 5 (EL1004).Channel 4.Input</Name><DataType>BOOL</DataType><BitSize>1</BitSize><BitOffs>319</BitOffs></Variable><Variable><Name>Inputs.Frm0State</Name><Comment><![CDATA[0x0001 = 1. EtherCAT command not sent (NOP requested)
0x0002 = 2. EtherCAT command not sent (NOP requested)
0x0004 = 3. EtherCAT command not sent (NOP requested)
...
0x4000 = 15. EtherCAT command not sent (NOP requested)
0x8000 = complete frame not sent
]]></Comment><DataType>UINT</DataType><BitSize>16</BitSize><BitOffs>12160</BitOffs></Variable><Variable><Name>Term 3 (EL2004).WcState.WcState</Name><Comment><![CDATA[0 = Data valid
1 = Data invalid
]]></Comment><DataType>BOOL</DataType><BitSize>1</BitSize><BitOffs>12176</BitOffs></Variable><Variable><Name>Term 2 (EL2004).WcState.WcState</Name><Comment><![CDATA[0 = Data valid
1 = Data invalid
]]></Comment><DataType>BOOL</DataType><BitSize>1</BitSize><BitOffs>12176</BitOffs></Variable><Variable><Name>Inputs.Frm0WcState</Name><Comment><![CDATA[0x0001 = wrong working counter of 1. EtherCAT command received
0x0002 = wrong working counter of 2. EtherCAT command received
0x0004 = wrong working counter of 3. EtherCAT command received
...
0x4000 = wrong working counter of 15. EtherCAT command received
0x8000 = complete frame missing
]]></Comment><DataType>UINT</DataType><BitSize>16</BitSize><BitOffs>12176</BitOffs></Variable><Variable><Name>Term 4 (EL1004).WcState.WcState</Name><Comment><![CDATA[0 = Data valid
1 = Data invalid
]]></Comment><DataType>BOOL</DataType><BitSize>1</BitSize><BitOffs>12177</BitOffs></Variable><Variable><Name>Term 5 (EL1004).WcState.WcState</Name><Comment><![CDATA[0 = Data valid
1 = Data invalid
]]></Comment><DataType>BOOL</DataType><BitSize>1</BitSize><BitOffs>12177</BitOffs></Variable><Variable><Name>Inputs.SlaveCount</Name><Comment><![CDATA[Actual count of EtherCAT slaves received]]></Comment><DataType>UINT</DataType><BitSize>16</BitSize><BitOffs>12240</BitOffs></Variable><Variable><Name>Inputs.DevState</Name><Comment><![CDATA[0x0001 = Link error
0x0002 = I/O locked after link error (I/O reset required)
0x0004 = Link error (redundancy adapter)
0x0008 = Missing one frame (redundancy mode)
0x0010 = Out of send resources (I/O reset required)
0x0020 = Watchdog triggered
0x0040 = Ethernet driver (miniport) not found
0x0080 = I/O reset active
0x0100 = At least one device in 'INIT' state
0x0200 = At least one device in 'PRE-OP' state
0x0400 = At least one device in 'SAFE-OP' state
0x0800 = At least one device indicates an error state
0x1000 = DC not in sync
]]></Comment><DataType>UINT</DataType><BitSize>16</BitSize><BitOffs>12272</BitOffs></Variable></Inputs><Outputs><ByteSize>1536</ByteSize><Variable><Name>Term 2 (EL2004).Channel 1.Output</Name><DataType>BOOL</DataType><BitSize>1</BitSize><BitOffs>208</BitOffs></Variable><Variable><Name>Term 2 (EL2004).Channel 2.Output</Name><DataType>BOOL</DataType><BitSize>1</BitSize><BitOffs>209</BitOffs></Variable><Variable><Name>Term 2 (EL2004).Channel 3.Output</Name><DataType>BOOL</DataType><BitSize>1</BitSize><BitOffs>210</BitOffs></Variable><Variable><Name>Term 2 (EL2004).Channel 4.Output</Name><DataType>BOOL</DataType><BitSize>1</BitSize><BitOffs>211</BitOffs></Variable><Variable><Name>Term 3 (EL2004).Channel 1.Output</Name><DataType>BOOL</DataType><BitSize>1</BitSize><BitOffs>212</BitOffs></Variable><Variable><Name>Term 3 (EL2004).Channel 2.Output</Name><DataType>BOOL</DataType><BitSize>1</BitSize><BitOffs>213</BitOffs></Variable><Variable><Name>Term 3 (EL2004).Channel 3.Output</Name><DataType>BOOL</DataType><BitSize>1</BitSize><BitOffs>214</BitOffs></Variable><Variable><Name>Term 3 (EL2004).Channel 4.Output</Name><DataType>BOOL</DataType><BitSize>1</BitSize><BitOffs>215</BitOffs></Variable><Variable><Name>Outputs.Frm0Ctrl</Name><Comment><![CDATA[0x0001 = prevent 1. EtherCAT command from sending (request NOP)
0x0002 = prevent 2. EtherCAT command from sending (request NOP)
0x0004 = prevent 3. EtherCAT command from sending (request NOP)
...
0x4000 = prevent 15. EtherCAT command from sending (request NOP)
0x8000 = prevent complete frame from sending
]]></Comment><DataType>UINT</DataType><BitSize>16</BitSize><BitOffs>12160</BitOffs></Variable><Variable><Name>Outputs.Frm0WcCtrl</Name><Comment><![CDATA[0x0001 = copy data with wrong working counter of 1. EtherCAT command
0x0002 = copy data with wrong working counter of 2. EtherCAT command
0x0004 = copy data with wrong working counter of 3. EtherCAT command
...
0x4000 = copy data with wrong working counter of 15. EtherCAT command
]]></Comment><DataType>UINT</DataType><BitSize>16</BitSize><BitOffs>12176</BitOffs></Variable><Variable><Name>Outputs.DevCtrl</Name><DataType>UINT</DataType><BitSize>16</BitSize><BitOffs>12272</BitOffs></Variable></Outputs></ProcessImage></Config></EtherCATConfig>
